state_source,district_source,series_id,year,jan_mm,feb_mm,mar_mm,apr_mm,may_mm,jun_mm,jul_mm,aug_mm,sep_mm,oct_mm,nov_mm,dec_mm,annual_mm,jf_mm,mam_mm,jjas_mm,ond_mm,source_page,quality_flags,district_table_label,duplicate_source_pages
Mizoram,Aizwal,IMD110-P1309,1901,12.7,15.1,25.0,254.4,90.2,325.9,350.0,467.4,300.9,95.0,71.4,0.0,2007.9,27.8,369.5,1444.2,166.4,1309,,AIZWAL,
Mizoram,Aizwal,IMD110-P1309,1902,0.0,0.0,23.9,423.0,200.4,400.8,251.7,170.1,304.4,74.7,10.8,3.7,1863.3,0.0,647.2,1127.0,89.2,1309,,AIZWAL,
Mizoram,Aizwal,IMD110-P1309,1903,1.5,33.1,171.1,15.5,186.4,384.9,301.0,332.6,454.0,192.5,60.8,0.0,2133.2,34.6,372.9,1472.5,253.3,1309,,AIZWAL,
Mizoram,Aizwal,IMD110-P1309,1904,0.0,63.0,25.2,316.6,305.4,405.5,281.8,385.2,476.8,147.3,95.8,0.3,2502.7,63.0,647.2,1549.2,243.3,1309,,AIZWAL,
Mizoram,Aizwal,IMD110-P1309,1905,3.5,34.5,290.2,182.3,147.1,392.0,278.5,184.9,332.1,271.3,0.0,28.7,2144.9,38.0,619.6,1187.5,299.9,1309,,AIZWAL,
Mizoram,Aizwal,IMD110-P1309,1906,0.0,82.2,42.0,98.2,311.7,326.5,420.4,248.8,349.3,116.9,39.7,0.0,2035.7,82.2,452.0,1345.0,156.6,1309,,AIZWAL,
Mizoram,Aizwal,IMD110-P1309,1907,13.4,17.9,94.5,197.0,135.9,459.8,284.1,229.6,340.3,100.1,0.4,50.4,1923.3,31.3,427.4,1313.8,150.9,1309,,AIZWAL,
Mizoram,Aizwal,IMD110-P1309,1908,39.0,32.9,17.9,107.3,219.9,232.5,439.0,421.2,334.0,237.1,59.8,0.0,2140.4,71.9,345.0,1426.8,296.8,1309,,AIZWAL,
Mizoram,Aizwal,IMD110-P1309,1909,4.5,2.4,0.0,242.8,286.9,338.3,295.5,398.6,188.9,62.7,57.5,69.6,1947.7,6.9,529.7,1221.3,189.8,1309,,AIZWAL,
Mizoram,Aizwal,IMD110-P1309,1910,14.5,0.0,25.2,116.8,203.8,308.9,206.9,315.6,253.4,170.1,9.4,0.0,1624.6,14.5,345.8,1084.8,179.5,1309,,AIZWAL,
Mizoram,Aizwal,IMD110-P1309,1911,24.4,0.0,90.6,162.8,328.1,378.5,357.0,297.2,368.5,286.5,11.2,0.0,2304.8,24.4,581.4,1401.3,297.7,1309,,AIZWAL,
Mizoram,Aizwal,IMD110-P1309,1912,0.0,23.7,183.1,313.2,175.4,199.8,265.0,323.5,223.4,163.4,30.7,0.0,1901.2,23.7,671.7,1011.7,194.1,1309,,AIZWAL,
Mizoram,Aizwal,IMD110-P1309,1913,1.5,63.3,117.6,81.2,159.6,542.5,459.7,318.0,249.2,175.7,67.0,16.7,2252.0,64.8,358.4,1569.4,259.4,1309,,AIZWAL,
Mizoram,Aizwal,IMD110-P1309,1914,0.0,81.7,142.9,231.8,324.9,329.7,498.3,628.4,433.2,76.9,7.3,165.5,2920.5,81.7,699.5,1889.6,249.7,1309,,AIZWAL,
Mizoram,Aizwal,IMD110-P1309,1915,9.2,16.6,36.8,241.9,475.1,550.7,389.8,533.2,371.7,246.3,38.3,0.0,2909.6,25.7,753.8,1845.4,284.6,1309,,AIZWAL,
Mizoram,Aizwal,IMD110-P1309,1916,1.4,13.0,14.3,177.4,148.0,488.8,537.5,589.2,488.2,590.3,48.7,1.4,3098.2,14.4,339.6,2103.7,640.4,1309,,AIZWAL,
Mizoram,Aizwal,IMD110-P1309,1917,0.0,78.8,20.5,413.2,105.9,425.0,416.1,300.3,447.7,176.3,82.9,0.0,2466.8,78.8,539.6,1589.1,259.3,1309,,AIZWAL,
Mizoram,Aizwal,IMD110-P1309,1918,1.1,0.0,115.6,215.1,162.2,348.5,843.4,900.0,538.2,67.4,81.8,5.3,3278.8,1.1,493.0,2630.1,154.6,1309,,AIZWAL,
Mizoram,Aizwal,IMD110-P1309,1919,16.7,30.2,14.6,195.5,96.8,393.3,404.8,453.6,342.5,105.2,73.0,0.0,2126.1,46.9,306.8,1594.2,178.2,1309,,AIZWAL,
Mizoram,Aizwal,IMD110-P1309,1920,2.4,65.4,394.3,100.6,177.4,419.3,427.8,553.3,282.1,109.3,5.1,0.0,2536.9,67.7,672.4,1682.4,114.4,1309,,AIZWAL,
Mizoram,Aizwal,IMD110-P1309,1921,27.3,26.5,157.3,125.1,256.2,518.7,349.1,456.3,458.1,294.4,7.1,0.0,2676.0,53.8,538.6,1782.1,301.5,1309,,AIZWAL,
Mizoram,Aizwal,IMD110-P1309,1922,0.4,0.2,10.4,78.6,149.7,690.6,732.7,636.1,496.6,178.9,63.8,2.2,3040.1,0.6,238.7,2555.9,244.9,1309,,AIZWAL,
Mizoram,Aizwal,IMD110-P1309,1923,0.0,56.5,16.4,218.1,283.3,482.4,297.2,627.4,418.0,170.6,121.3,6.7,2697.8,56.5,517.8,1824.9,298.6,1309,,AIZWAL,
Mizoram,Aizwal,IMD110-P1309,1924,0.0,41.9,1.3,203.4,315.2,396.8,419.0,481.5,382.6,183.6,216.3,0.0,2641.5,41.9,519.9,1679.8,399.8,1309,,AIZWAL,
Mizoram,Aizwal,IMD110-P1309,1925,17.0,60.4,39.5,229.3,421.6,333.2,377.0,502.6,216.8,187.9,44.5,0.0,2429.8,77.4,690.4,1429.6,232.4,1309,,AIZWAL,
Mizoram,Aizwal,IMD110-P1309,1926,22.3,98.6,167.5,179.6,266.4,382.7,451.1,475.6,358.1,111.4,46.7,69.7,2629.5,120.8,613.5,1667.5,227.7,1309,,AIZWAL,
Mizoram,Aizwal,IMD110-P1309,1927,20.8,53.7,75.3,365.9,217.3,378.0,503.3,564.7,673.3,161.3,27.7,0.0,3041.3,74.5,658.4,2119.3,189.0,1309,,AIZWAL,
Mizoram,Aizwal,IMD110-P1309,1928,3.3,11.0,31.5,50.4,372.4,361.6,424.4,517.1,355.1,223.1,4.5,0.0,2354.4,14.3,454.4,1658.2,227.5,1309,,AIZWAL,
Mizoram,Aizwal,IMD110-P1309,1929,23.2,1.4,19.6,271.5,637.8,996.1,278.7,423.9,480.2,93.1,7.4,20.6,3253.6,24.6,928.9,2178.9,121.2,1309,,AIZWAL,
Mizoram,Aizwal,IMD110-P1309,1930,12.3,48.5,80.9,142.0,321.9,556.9,375.8,304.2,377.0,95.3,134.2,0.0,2448.8,60.7,544.7,1613.9,229.4,1309,,AIZWAL,
Mizoram,Aizwal,IMD110-P1309,1931,0.0,19.8,48.8,134.3,456.0,436.8,453.3,332.6,339.4,282.5,89.8,2.9,2596.3,19.8,639.2,1562.2,375.2,1309,,AIZWAL,
Mizoram,Aizwal,IMD110-P1309,1932,0.8,46.9,103.4,159.8,281.4,588.9,557.2,275.6,576.4,35.7,166.3,0.4,2792.9,47.7,544.6,1998.1,202.4,1309,,AIZWAL,
Mizoram,Aizwal,IMD110-P1309,1933,0.0,13.9,20.2,96.6,178.8,392.6,489.2,598.7,248.3,99.0,10.5,0.0,2147.9,13.9,295.6,1728.8,109.6,1309,,AIZWAL,
Mizoram,Aizwal,IMD110-P1309,1934,9.5,143.6,71.7,148.0,327.0,534.8,560.2,396.6,287.6,207.9,125.7,19.5,2832.1,153.1,546.7,1779.2,353.1,1310,,AIZWAL,
Mizoram,Aizwal,IMD110-P1309,1935,0.0,30.6,48.0,176.2,158.1,404.9,518.7,612.0,376.6,204.8,36.3,0.0,2566.3,30.6,382.4,1912.2,241.1,1310,,AIZWAL,
Mizoram,Aizwal,IMD110-P1309,1936,3.7,34.9,143.1,167.3,687.7,411.0,411.4,413.7,236.8,166.3,8.1,1.1,2685.1,38.6,998.1,1472.9,175.5,1310,,AIZWAL,
Mizoram,Aizwal,IMD110-P1309,1937,0.0,37.0,35.3,59.2,409.9,491.7,395.6,563.1,342.9,177.4,36.8,161.0,2709.9,37.0,504.4,1793.4,375.2,1310,,AIZWAL,
Mizoram,Aizwal,IMD110-P1309,1938,6.4,14.8,26.3,170.5,522.7,475.4,399.8,462.8,593.2,201.6,109.6,0.0,2983.2,21.2,719.5,1931.3,311.3,1310,,AIZWAL,
Mizoram,Aizwal,IMD110-P1309,1939,2.9,24.6,20.2,164.4,302.7,408.5,672.3,285.8,432.1,173.6,40.5,2.5,2530.1,27.6,487.3,1798.8,216.5,1310,,AIZWAL,
Mizoram,Aizwal,IMD110-P1309,1940,0.0,73.1,259.8,5.8,337.0,607.3,496.0,583.0,407.6,184.5,64.2,31.7,3050.0,73.1,602.6,2093.9,280.4,1310,,AIZWAL,
Mizoram,Aizwal,IMD110-P1309,1941,0.0,64.9,20.5,324.5,732.6,874.7,680.6,390.9,400.8,155.2,92.4,1.3,3738.4,64.9,1077.6,2347.0,248.8,1310,,AIZWAL,
Mizoram,Aizwal,IMD110-P1309,1942,8.3,2.8,73.0,277.6,459.1,678.0,361.1,360.3,640.0,75.1,223.8,4.7,3163.7,11.1,809.7,2039.4,303.6,1310,,AIZWAL,
Mizoram,Aizwal,IMD110-P1309,1943,92.3,21.5,78.0,128.9,254.8,563.5,602.8,597.3,487.6,91.1,10.8,0.0,2928.6,113.8,461.8,2251.1,101.9,1310,,AIZWAL,
Mizoram,Aizwal,IMD110-P1309,1944,155.7,2.5,70.5,122.8,232.8,566.4,640.4,359.0,442.8,93.9,0.0,0.0,2686.8,158.2,426.1,2008.6,93.9,1310,,AIZWAL,
Mizoram,Aizwal,IMD110-P1309,1945,87.5,51.0,14.5,146.3,406.3,727.4,684.3,492.8,497.7,190.5,23.0,95.6,3416.8,138.5,567.1,2402.1,309.1,1310,,AIZWAL,
Mizoram,Aizwal,IMD110-P1309,1946,0.0,33.7,237.8,237.3,493.7,361.0,705.1,485.5,300.0,279.8,12.1,97.7,3243.6,33.7,968.8,1851.6,389.6,1310,,AIZWAL,
Mizoram,Aizwal,IMD110-P1309,1947,0.1,0.6,29.5,178.0,401.9,845.9,664.8,617.2,587.3,252.2,4.4,45.6,3627.5,0.7,609.4,2715.2,302.2,1310,,AIZWAL,
Mizoram,Aizwal,IMD110-P1309,1948,0.8,68.2,73.3,275.3,362.6,553.3,412.5,612.4,584.5,82.2,46.2,0.7,3071.9,68.9,711.1,2162.8,129.1,1310,,AIZWAL,
Mizoram,Aizwal,IMD110-P1309,1949,2.1,3.5,95.1,401.3,557.9,424.1,536.5,388.4,369.3,276.6,1.4,0.0,3056.3,5.6,1054.3,1718.4,278.0,1310,,AIZWAL,
Mizoram,Aizwal,IMD110-P1309,1950,4.1,45.0,115.4,104.4,190.7,383.6,463.7,406.5,360.8,298.0,79.8,8.3,2460.3,49.2,410.5,1614.6,386.1,1310,,AIZWAL,
Mizoram,Aizwal,IMD110-P1309,1951,0.0,0.0,82.6,320.0,230.3,593.8,666.3,505.2,269.9,472.6,97.2,38.2,3276.2,0.0,632.9,2035.2,608.1,1310,,AIZWAL,
Mizoram,Aizwal,IMD110-P1309,1952,7.4,3.5,81.6,298.4,379.6,562.2,580.7,668.6,470.4,414.4,60.0,0.0,3526.8,10.9,759.6,2281.8,474.4,1310,,AIZWAL,
Mizoram,Aizwal,IMD110-P1309,1953,5.3,26.3,46.2,153.9,594.2,886.9,322.8,641.8,501.1,263.8,66.0,6.9,3515.2,31.6,794.2,2352.7,336.6,1310,,AIZWAL,
Mizoram,Aizwal,IMD110-P1309,1954,23.9,21.6,73.5,227.8,282.3,839.5,464.3,859.3,701.1,273.3,3.0,3.3,3772.9,45.5,583.5,2864.1,279.7,1310,,AIZWAL,
Mizoram,Aizwal,IMD110-P1309,1955,0.0,0.6,208.0,144.9,246.6,613.4,658.0,501.3,238.5,272.5,212.3,0.0,3096.2,0.6,599.5,2011.3,484.7,1310,,AIZWAL,
Mizoram,Aizwal,IMD110-P1309,1956,18.6,1.4,90.4,91.8,738.2,1464.4,681.4,412.1,267.0,261.8,149.6,0.0,4176.8,20.0,920.4,2824.9,411.4,1310,,AIZWAL,
Mizoram,Aizwal,IMD110-P1309,1957,45.3,75.4,1.1,60.2,271.7,329.9,363.3,593.0,569.5,251.5,0.0,0.0,2561.0,120.8,333.1,1855.7,251.5,1310,,AIZWAL,
Mizoram,Aizwal,IMD110-P1309,1958,,82.8,,83.8,450.9,291.2,350.3,219.3,353.0,289.2,0.8,0.5,,,,1213.8,290.5,1310,missing_months,AIZWAL,
Mizoram,Aizwal,IMD110-P1309,1959,46.9,110.0,151.7,105.4,272.5,455.0,537.0,357.4,429.9,364.4,0.0,12.3,2842.5,156.8,529.6,1779.3,376.7,1310,,AIZWAL,
Mizoram,Aizwal,IMD110-P1309,1960,0.0,2.5,,52.2,387.4,506.5,269.5,230.4,,161.8,87.4,1.0,,2.5,,,250.2,1310,missing_months,AIZWAL,
Mizoram,Aizwal,IMD110-P1309,1961,0.0,24.8,115.9,61.8,181.1,518.4,292.5,311.3,379.7,103.6,9.0,0.0,1998.1,24.8,358.8,1501.9,112.6,1310,,AIZWAL,
Mizoram,Aizwal,IMD110-P1309,1962,14.0,13.0,0.0,89.2,134.3,724.2,265.2,533.5,336.8,148.2,0.0,0.0,2258.4,27.0,223.5,1859.7,148.2,1310,,AIZWAL,
Mizoram,Aizwal,IMD110-P1309,1963,0.0,3.0,66.0,154.0,161.2,540.6,322.6,370.6,204.1,405.9,0.0,,,3.0,381.2,1437.9,,1310,missing_months,AIZWAL,
Mizoram,Aizwal,IMD110-P1309,1964,,35.7,99.0,390.3,364.0,,,242.9,296.7,279.8,76.9,0.0,,,853.3,,356.7,1310,missing_months,AIZWAL,
Mizoram,Aizwal,IMD110-P1309,1965,0.0,,,,154.5,482.3,180.0,113.3,306.5,215.1,6.4,37.7,,,,1082.1,259.2,1310,missing_months,AIZWAL,
Mizoram,Aizwal,IMD110-P1309,1969,,,87.5,260.0,21.0,584.7,259.8,255.5,162.0,97.0,0.0,0.0,,,368.5,1262.0,97.0,1310,missing_months,AIZWAL,
Mizoram,Aizwal,IMD110-P1309,1985,,,,,,,105.4,,,,,,,,,,,1310,missing_months,AIZWAL,
Mizoram,Aizwal,IMD110-P1309,1986,9.8,21.3,41.0,322.8,232.1,348.1,477.6,388.6,353.4,264.3,165.4,31.8,2656.1,31.2,595.8,1567.7,461.5,1311,,AIZWAL,
Mizoram,Aizwal,IMD110-P1309,1987,22.0,38.6,63.2,147.5,140.8,466.6,404.0,420.8,425.3,187.2,95.4,10.4,2421.8,60.6,351.5,1716.7,293.0,1311,,AIZWAL,
Mizoram,Aizwal,IMD110-P1309,1988,0.0,48.4,90.2,188.8,467.8,378.5,463.0,434.8,312.2,270.8,56.6,4.9,2715.9,48.4,746.8,1588.5,332.3,1311,,AIZWAL,
Mizoram,Aizwal,IMD110-P1309,1989,0.0,28.5,36.0,134.3,179.1,444.7,450.7,472.8,432.8,387.3,9.7,3.4,2579.4,28.5,349.4,1801.0,400.4,1311,,AIZWAL,
Mizoram,Aizwal,IMD110-P1309,1990,1.7,52.4,264.4,316.6,302.8,398.2,316.8,429.5,325.8,170.6,105.6,60.5,2744.9,54.1,883.9,1470.3,336.7,1311,,AIZWAL,
Mizoram,Aizwal,IMD110-P1309,1991,25.0,51.1,58.4,330.4,522.1,407.6,275.8,372.0,264.8,280.7,30.3,37.4,2655.6,76.0,910.9,1320.3,348.4,1311,,AIZWAL,
Mizoram,Aizwal,IMD110-P1309,1992,5.7,46.8,30.8,127.8,226.5,361.3,389.5,435.2,396.3,281.1,33.2,11.1,2345.3,52.5,385.1,1582.3,325.4,1311,,AIZWAL,
Mizoram,Aizwal,IMD110-P1309,1993,7.9,109.0,75.2,122.4,458.8,549.5,477.0,407.6,311.9,169.5,9.4,0.0,2698.1,116.8,656.3,1746.0,178.9,1311,,AIZWAL,
Mizoram,Aizwal,IMD110-P1309,1994,12.5,14.8,182.0,186.9,122.6,316.7,407.1,438.3,256.6,136.5,22.8,0.0,2096.8,27.3,491.5,1418.7,159.3,1311,,AIZWAL,
Mizoram,Aizwal,IMD110-P1309,1995,1.4,34.7,119.4,84.7,423.2,597.7,368.0,684.0,319.3,229.7,285.5,0.0,3147.7,36.1,627.3,1969.1,515.2,1311,,AIZWAL,
Mizoram,Aizwal,IMD110-P1309,1996,8.0,26.3,354.3,123.7,266.7,338.8,453.7,393.3,527.0,146.1,35.4,1.3,2674.6,34.3,744.8,1712.8,182.8,1311,,AIZWAL,
Mizoram,Aizwal,IMD110-P1309,1997,8.3,20.6,214.1,116.4,295.9,313.0,747.4,332.8,536.4,77.8,42.5,84.9,2790.3,28.9,626.4,1929.7,205.3,1311,,AIZWAL,
Mizoram,Aizwal,IMD110-P1309,1998,64.5,30.8,151.1,168.1,460.9,278.0,532.3,462.3,303.3,117.8,49.8,0.0,2618.9,95.3,780.1,1575.9,167.6,1311,,AIZWAL,
Mizoram,Aizwal,IMD110-P1309,1999,0.0,0.0,33.5,28.9,547.3,463.5,509.1,475.1,518.8,245.8,25.6,16.7,2864.3,0.0,609.7,1966.6,288.1,1311,,AIZWAL,
Mizoram,Aizwal,IMD110-P1309,2000,22.4,27.8,146.7,299.8,509.7,324.6,248.8,627.1,320.1,279.1,27.2,0.0,2833.2,50.2,956.1,1520.6,306.3,1311,,AIZWAL,
Mizoram,Aizwal,IMD110-P1309,2001,0.0,54.3,61.2,111.9,379.8,514.5,373.9,363.0,377.0,339.9,120.6,0.0,2695.9,54.3,552.8,1628.4,460.4,1311,,AIZWAL,
Mizoram,Aizwal,IMD110-P1309,2002,22.7,0.4,66.0,173.7,557.4,316.5,484.4,467.6,281.3,185.1,73.6,0.3,2629.0,23.1,797.1,1549.8,259.0,1311,,AIZWAL,
Mizoram,Aizwal,IMD110-P1309,2003,2.8,13.8,124.7,160.2,327.5,796.7,344.5,446.0,386.4,180.1,0.0,58.2,2840.8,16.6,612.3,1973.6,238.3,1311,,AIZWAL,
Mizoram,Aizwal,IMD110-P1309,2004,0.0,0.0,25.7,368.8,197.7,501.4,793.5,378.5,382.9,178.9,5.3,0.0,2832.7,0.0,592.2,2056.2,184.3,1311,,AIZWAL,
Mizoram,Aizwal,IMD110-P1309,2005,9.4,10.2,169.3,84.4,395.5,164.6,530.3,321.7,352.7,230.8,43.0,12.8,2324.7,19.6,649.2,1369.3,286.6,1311,,AIZWAL,
Mizoram,Aizwal,IMD110-P1309,2006,,4.3,4.5,67.2,576.9,685.5,491.0,346.9,393.7,144.4,4.4,0.0,,,648.5,1917.1,148.8,1311,missing_months,AIZWAL,
Mizoram,Aizwal,IMD110-P1309,2007,0.0,63.3,29.1,340.9,382.0,519.3,421.9,509.0,660.0,178.5,125.1,0.0,3229.2,63.3,752.0,2110.2,303.6,1311,,AIZWAL,
Mizoram,Aizwal,IMD110-P1309,2008,39.9,14.4,36.0,50.8,242.2,394.2,398.3,484.0,343.6,190.4,20.9,0.0,2214.7,54.3,329.0,1620.1,211.4,1311,,AIZWAL,
Mizoram,Aizwal,IMD110-P1309,2009,0.0,0.4,33.4,132.8,167.7,315.6,297.0,405.7,278.1,207.5,19.6,0.0,1857.8,0.4,333.9,1296.4,227.1,1311,,AIZWAL,
Mizoram,Aizwal,IMD110-P1309,2010,0.0,11.6,127.1,297.9,385.0,477.4,387.4,466.7,462.9,273.2,11.5,57.9,2958.6,11.6,810.0,1794.4,342.6,1311,,AIZWAL,
Mizoram,Champhai,IMD110-P1312,1901,7.2,22.9,39.3,174.8,123.2,263.8,223.6,427.1,269.1,196.1,69.3,0.0,1816.4,30.1,337.3,1183.6,265.4,1312,,CHAMPHAI,
Mizoram,Champhai,IMD110-P1312,1902,0.0,0.0,2.8,271.9,119.3,254.9,323.3,287.2,316.0,47.6,6.4,0.5,1629.9,0.0,394.0,1181.4,54.5,1312,,CHAMPHAI,
Mizoram,Champhai,IMD110-P1312,1903,0.5,57.8,170.6,28.4,106.2,345.3,206.2,385.1,385.2,137.1,60.2,0.0,1882.6,58.3,305.2,1321.8,197.3,1312,,CHAMPHAI,
Mizoram,Champhai,IMD110-P1312,1904,0.0,,,294.8,193.4,,370.9,566.2,360.6,141.6,96.7,2.0,,,,,240.3,1312,missing_months,CHAMPHAI,
Mizoram,Champhai,IMD110-P1312,1905,0.0,61.2,369.3,126.3,114.3,321.2,305.4,333.8,296.9,170.4,0.0,19.5,2118.3,61.2,609.9,1257.3,189.9,1312,,CHAMPHAI,
Mizoram,Champhai,IMD110-P1312,1906,8.9,62.4,56.9,74.7,188.4,430.4,,198.5,260.9,135.7,,0.0,,71.3,320.0,,,1312,missing_months,CHAMPHAI,
Mizoram,Champhai,IMD110-P1312,1907,21.3,17.0,75.7,106.9,85.2,309.0,349.8,214.2,230.7,146.3,0.0,92.2,1648.3,38.3,267.8,1103.7,238.5,1312,,CHAMPHAI,
Mizoram,Champhai,IMD110-P1312,1908,17.5,8.1,1.8,100.3,104.4,287.3,414.5,249.1,244.7,167.7,164.4,0.0,1759.8,25.6,206.5,1195.6,332.1,1312,,CHAMPHAI,
Mizoram,Champhai,IMD110-P1312,1909,1.3,0.0,0.0,187.0,107.2,326.4,428.3,423.6,209.2,115.5,65.5,101.6,1965.6,1.3,294.2,1387.5,282.6,1312,,CHAMPHAI,
Mizoram,Champhai,IMD110-P1312,1910,38.1,4.8,0.8,125.3,99.7,417.1,333.1,328.4,389.7,124.3,17.5,0.0,1878.8,42.9,225.8,1468.3,141.8,1312,,CHAMPHAI,
Mizoram,Champhai,IMD110-P1312,1911,32.0,0.0,151.4,104.1,172.7,285.5,320.3,401.8,228.2,235.7,40.7,0.0,1972.4,32.0,428.2,1235.8,276.4,1312,,CHAMPHAI,
Mizoram,Champhai,IMD110-P1312,1912,0.0,40.4,107.6,226.0,185.6,270.4,354.9,369.9,252.2,178.9,20.4,0.0,2006.3,40.4,519.2,1247.4,199.3,1312,,CHAMPHAI,
Mizoram,Champhai,IMD110-P1312,1913,0.0,57.4,53.2,62.5,191.2,433.3,417.1,449.3,184.0,248.0,190.7,9.7,2296.4,57.4,306.9,1483.7,448.4,1312,,CHAMPHAI,
Mizoram,Champhai,IMD110-P1312,1914,0.0,88.1,114.1,155.1,267.3,244.0,329.1,317.1,180.5,120.4,3.9,184.2,2003.8,88.1,536.5,1070.7,308.5,1312,,CHAMPHAI,
Mizoram,Champhai,IMD110-P1312,1915,9.9,20.6,51.5,128.0,299.1,358.0,293.9,251.1,224.4,183.1,46.8,0.0,1866.4,30.5,478.6,1127.4,229.9,1312,,CHAMPHAI,
Mizoram,Champhai,IMD110-P1312,1916,0.0,11.0,30.5,,134.8,245.4,330.5,297.0,360.7,416.0,89.9,28.4,,11.0,,1233.6,534.3,1312,missing_months,CHAMPHAI,
Mizoram,Champhai,IMD110-P1312,1917,0.0,71.5,18.6,224.8,48.8,266.2,352.7,253.7,315.8,83.3,70.6,0.0,1706.0,71.5,292.2,1188.4,153.9,1312,,CHAMPHAI,
Mizoram,Champhai,IMD110-P1312,1918,3.8,3.3,74.6,225.7,410.0,518.1,433.2,299.1,130.0,85.6,77.7,4.3,2265.4,7.1,710.3,1380.4,167.6,1312,,CHAMPHAI,
Mizoram,Champhai,IMD110-P1312,1919,26.5,21.1,5.1,121.6,17.9,358.6,283.7,195.5,306.1,106.6,86.8,0.8,1530.3,47.6,144.6,1143.9,194.2,1312,,CHAMPHAI,
Mizoram,Champhai,IMD110-P1312,1920,7.1,46.8,200.4,45.5,80.1,191.4,273.8,256.5,166.7,170.0,14.2,0.0,1452.5,53.9,326.0,888.4,184.2,1312,,CHAMPHAI,
Mizoram,Champhai,IMD110-P1312,1921,79.8,17.5,121.3,76.9,217.7,397.5,203.3,291.4,299.2,301.2,0.5,0.0,2006.3,97.3,415.9,1191.4,301.7,1312,,CHAMPHAI,
Mizoram,Champhai,IMD110-P1312,1922,0.3,0.0,12.0,62.2,203.7,390.3,280.5,509.2,231.7,186.6,82.5,0.0,1959.0,0.3,277.9,1411.7,269.1,1312,,CHAMPHAI,
Mizoram,Champhai,IMD110-P1312,1923,0.0,52.1,10.7,186.5,236.9,352.2,231.5,332.4,276.2,233.9,201.2,12.7,2126.3,52.1,434.1,1192.3,447.8,1312,,CHAMPHAI,
Mizoram,Champhai,IMD110-P1312,1924,0.0,67.8,0.0,136.4,275.7,251.4,304.6,166.8,285.2,123.2,121.2,0.0,1732.3,67.8,412.1,1008.0,244.4,1312,,CHAMPHAI,
Mizoram,Champhai,IMD110-P1312,1925,29.8,31.0,17.0,131.4,295.2,345.4,222.5,334.6,130.8,127.2,60.2,0.0,1725.1,60.8,443.6,1033.3,187.4,1312,,CHAMPHAI,
Mizoram,Champhai,IMD110-P1312,1926,26.2,57.1,96.0,139.7,171.7,277.3,307.2,248.1,167.0,74.7,53.9,42.7,1661.6,83.3,407.4,999.6,171.3,1312,,CHAMPHAI,
Mizoram,Champhai,IMD110-P1312,1927,43.4,50.4,58.1,287.1,241.3,332.7,407.6,312.5,333.8,79.6,12.7,7.6,2166.8,93.8,586.5,1386.6,99.9,1312,,CHAMPHAI,
Mizoram,Champhai,IMD110-P1312,1928,7.7,17.1,17.1,66.4,308.6,387.8,351.8,448.5,492.7,113.2,41.4,0.0,2252.3,24.8,392.1,1680.8,154.6,1312,,CHAMPHAI,
Mizoram,Champhai,IMD110-P1312,1929,10.2,3.3,40.8,216.2,316.2,631.5,225.5,223.0,358.0,80.0,23.6,21.4,2149.7,13.5,573.2,1438.0,125.0,1312,,CHAMPHAI,
Mizoram,Champhai,IMD110-P1312,1930,9.6,72.6,74.4,92.2,110.3,363.5,284.2,244.0,172.6,49.1,141.7,0.0,1614.2,82.2,276.9,1064.3,190.8,1312,,CHAMPHAI,
Mizoram,Champhai,IMD110-P1312,1931,0.0,14.4,27.4,72.2,369.2,227.0,306.7,170.6,340.3,114.2,59.2,,,14.4,468.8,1044.6,,1312,missing_months,CHAMPHAI,
Mizoram,Champhai,IMD110-P1312,1932,7.6,51.7,78.6,157.4,203.4,503.6,400.1,233.3,386.7,101.5,99.2,0.0,2223.1,59.3,439.4,1523.7,200.7,1312,,CHAMPHAI,
Mizoram,Champhai,IMD110-P1312,1933,0.0,2.5,21.3,107.5,164.6,263.5,264.0,614.8,91.3,122.8,7.6,0.0,1659.9,2.5,293.4,1233.6,130.4,1313,,CHAMPHAI,
Mizoram,Champhai,IMD110-P1312,1934,9.4,158.2,65.5,118.7,182.5,259.8,405.4,249.4,231.6,93.7,123.3,20.0,1917.5,167.6,366.7,1146.2,237.0,1313,,CHAMPHAI,
Mizoram,Champhai,IMD110-P1312,1935,0.0,32.2,16.0,149.8,86.9,470.4,293.8,380.7,299.7,201.9,10.5,0.0,1941.9,32.2,252.7,1444.6,212.4,1313,,CHAMPHAI,
Mizoram,Champhai,IMD110-P1312,1936,5.3,24.2,84.1,197.9,446.5,289.6,255.3,249.9,240.0,124.5,2.8,2.0,1922.1,29.5,728.5,1034.8,129.3,1313,,CHAMPHAI,
Mizoram,Champhai,IMD110-P1312,1937,0.0,39.7,35.7,42.2,282.0,405.3,341.6,354.1,153.5,177.3,77.2,95.5,2004.1,39.7,359.9,1254.5,350.0,1313,,CHAMPHAI,
Mizoram,Champhai,IMD110-P1312,1938,5.9,19.6,18.4,93.7,434.9,308.7,289.6,338.9,437.3,189.6,131.7,0.0,2268.3,25.5,547.0,1374.5,321.3,1313,,CHAMPHAI,
Mizoram,Champhai,IMD110-P1312,1939,7.6,37.3,4.1,111.6,238.6,306.0,360.5,233.8,331.2,161.1,67.3,0.0,1859.1,44.9,354.3,1231.5,228.4,1313,,CHAMPHAI,
Mizoram,Champhai,IMD110-P1312,1940,0.0,86.1,192.0,3.5,277.6,385.6,290.1,270.6,291.5,118.9,75.9,43.5,2035.3,86.1,473.1,1237.8,238.3,1313,,CHAMPHAI,
Mizoram,Champhai,IMD110-P1312,1941,0.8,69.8,5.7,275.8,524.2,588.4,,285.4,261.0,109.4,54.3,1.3,,70.6,805.7,,165.0,1313,missing_months,CHAMPHAI,
Mizoram,Champhai,IMD110-P1312,1942,3.0,2.3,40.9,,297.2,397.3,337.8,375.8,405.9,166.5,131.5,6.8,,5.3,,1516.8,304.8,1313,missing_months,CHAMPHAI,
Mizoram,Champhai,IMD110-P1312,1943,53.6,16.7,74.1,67.6,127.7,329.2,342.0,471.4,232.5,70.5,0.0,0.0,1785.3,70.3,269.4,1375.1,70.5,1313,,CHAMPHAI,
Mizoram,Champhai,IMD110-P1312,1944,127.2,11.9,35.1,118.1,,432.8,451.8,,391.2,71.7,0.0,0.0,,139.1,,,71.7,1313,missing_months,CHAMPHAI,
Mizoram,Champhai,IMD110-P1312,1945,81.3,66.8,0.0,99.6,392.7,506.2,664.7,451.2,304.6,188.2,20.6,145.5,2921.4,148.1,492.3,1926.7,354.3,1313,,CHAMPHAI,
Mizoram,Champhai,IMD110-P1312,1946,0.0,9.7,170.6,185.7,139.3,300.2,419.6,258.9,178.9,253.0,23.1,106.8,2045.8,9.7,495.6,1157.6,382.9,1313,,CHAMPHAI,
Mizoram,Champhai,IMD110-P1312,1947,3.3,9.7,,78.5,228.1,697.9,493.5,254.5,265.0,277.7,3.0,26.9,,13.0,,1710.9,307.6,1313,missing_months,CHAMPHAI,
Mizoram,Champhai,IMD110-P1312,1948,5.8,36.3,84.4,220.3,290.3,418.0,,222.3,322.7,66.7,83.5,0.0,,42.1,595.0,,150.2,1313,missing_months,CHAMPHAI,
Mizoram,Champhai,IMD110-P1312,1949,0.0,10.2,46.7,278.4,355.1,349.3,267.2,336.3,241.5,124.8,0.0,,,10.2,680.2,1194.3,,1313,missing_months,CHAMPHAI,
Mizoram,Champhai,IMD110-P1312,1950,0.5,69.4,,25.3,84.0,179.8,270.7,402.4,186.8,240.4,23.8,5.1,,69.9,,1039.7,269.3,1313,missing_months,CHAMPHAI,
Mizoram,Champhai,IMD110-P1312,1951,,0.0,,238.8,127.5,242.1,197.2,235.0,,308.0,27.7,46.2,,,,,381.9,1313,missing_months,CHAMPHAI,
Mizoram,Champhai,IMD110-P1312,1952,,1.3,,174.3,299.2,346.3,,262.4,313.8,253.1,64.1,0.0,,,,,317.2,1313,missing_months,CHAMPHAI,
Mizoram,Champhai,IMD110-P1312,1954,10.7,24.2,38.4,142.8,176.2,312.7,336.0,294.7,222.4,274.1,0.0,11.2,1843.4,34.9,357.4,1165.8,285.3,1313,,CHAMPHAI,
Mizoram,Champhai,IMD110-P1312,1955,0.0,0.0,213.7,136.3,233.6,318.3,399.5,261.7,192.7,260.3,235.7,0.5,2252.3,0.0,583.6,1172.2,496.5,1313,,CHAMPHAI,
Mizoram,Champhai,IMD110-P1312,1956,22.6,1.3,70.8,49.2,397.7,722.9,515.4,258.6,243.9,220.2,118.3,0.0,2620.9,23.9,517.7,1740.8,338.5,1313,,CHAMPHAI,
Mizoram,Champhai,IMD110-P1312,1957,79.4,74.9,8.1,45.2,270.6,245.9,345.5,390.1,284.3,164.0,1.3,0.0,1909.3,154.3,323.9,1265.8,165.3,1313,,CHAMPHAI,
Mizoram,Champhai,IMD110-P1312,1959,0.0,74.5,76.4,17.0,231.3,384.1,308.5,289.3,338.0,409.1,0.0,0.0,2128.2,74.5,324.7,1319.9,409.1,1313,,CHAMPHAI,
Mizoram,Champhai,IMD110-P1312,1986,19.0,0.0,28.0,127.0,74.0,410.0,378.0,343.0,353.0,300.0,274.0,175.0,2481.0,19.0,229.0,1484.0,749.0,1313,,CHAMPHAI,
Mizoram,Champhai,IMD110-P1312,1987,0.0,21.0,82.0,201.0,145.0,535.0,489.0,402.0,428.0,180.0,127.0,0.0,2610.0,21.0,428.0,1854.0,307.0,1313,,CHAMPHAI,
Mizoram,Champhai,IMD110-P1312,1988,0.0,0.0,0.0,116.0,332.0,509.0,458.0,494.0,414.0,482.0,56.0,0.0,2861.0,0.0,448.0,1875.0,538.0,1313,,CHAMPHAI,
Mizoram,Champhai,IMD110-P1312,1989,0.0,21.0,36.0,138.0,159.0,410.0,500.0,482.0,361.0,384.0,23.0,0.0,2514.0,21.0,333.0,1753.0,407.0,1313,,CHAMPHAI,
Mizoram,Champhai,IMD110-P1312,1990,0.0,43.0,204.0,217.0,164.0,424.0,230.0,205.0,276.0,150.0,170.0,124.0,2207.0,43.0,585.0,1135.0,444.0,1313,,CHAMPHAI,
Mizoram,Champhai,IMD110-P1312,1991,23.0,14.0,14.0,204.0,504.0,284.0,204.0,301.0,303.0,270.0,6.0,29.0,2156.0,37.0,722.0,1092.0,305.0,1313,,CHAMPHAI,
Mizoram,Champhai,IMD110-P1312,1992,0.0,59.0,0.0,72.0,195.0,329.0,585.0,484.0,232.0,240.0,12.0,18.0,2226.0,59.0,267.0,1630.0,270.0,1313,,CHAMPHAI,
Mizoram,Champhai,IMD110-P1312,1993,22.5,128.5,28.5,63.0,392.0,401.5,450.0,420.0,240.5,208.5,13.0,0.0,2368.0,151.0,483.5,1512.0,221.5,1313,,CHAMPHAI,
Mizoram,Champhai,IMD110-P1312,1994,2.0,17.0,164.0,139.0,169.0,307.0,214.0,307.0,172.0,80.0,36.0,0.0,1607.0,19.0,472.0,1000.0,116.0,1313,,CHAMPHAI,
Mizoram,Champhai,IMD110-P1312,1995,10.0,3.0,52.0,63.0,297.0,430.0,227.0,402.0,289.0,189.0,148.0,0.0,2110.0,13.0,412.0,1348.0,337.0,1314,,CHAMPHAI,
Mizoram,Champhai,IMD110-P1312,1996,0.0,14.5,325.5,53.0,172.5,157.0,339.0,544.5,383.0,141.5,40.5,11.0,2182.0,14.5,551.0,1423.5,193.0,1314,,CHAMPHAI,
Mizoram,Champhai,IMD110-P1312,1997,14.5,4.5,101.5,83.5,188.5,267.0,607.5,241.5,338.0,90.0,35.5,51.5,2023.5,19.0,373.5,1454.0,177.0,1314,,CHAMPHAI,
Mizoram,Champhai,IMD110-P1312,1998,43.0,27.0,131.0,136.0,312.5,278.0,280.5,442.5,230.5,128.5,3.5,0.0,2013.0,70.0,579.5,1231.5,132.0,1314,,CHAMPHAI,
Mizoram,Champhai,IMD110-P1312,1999,0.0,0.0,20.0,51.7,328.3,286.7,428.0,297.0,459.3,267.0,48.3,42.0,2228.3,0.0,400.0,1471.0,357.3,1314,,CHAMPHAI,
Mizoram,Champhai,IMD110-P1312,2000,18.7,15.3,90.0,163.3,415.7,189.3,222.0,382.0,351.0,136.3,51.0,0.0,2034.7,34.0,669.0,1144.3,187.3,1314,,CHAMPHAI,
Mizoram,Champhai,IMD110-P1312,2001,0.0,28.3,21.0,58.0,317.0,315.0,230.3,260.0,204.0,370.0,111.0,0.0,1914.7,28.3,396.0,1009.3,481.0,1314,,CHAMPHAI,
Mizoram,Champhai,IMD110-P1312,2002,51.3,8.0,69.3,137.3,317.7,268.7,407.0,303.7,303.7,100.3,134.7,0.0,2101.7,59.3,524.3,1283.0,235.0,1314,,CHAMPHAI,
Mizoram,Champhai,IMD110-P1312,2003,1.3,10.0,55.3,103.3,195.3,499.3,212.7,340.3,277.0,160.3,0.0,29.3,1884.3,11.3,354.0,1329.3,189.7,1314,,CHAMPHAI,
Mizoram,Champhai,IMD110-P1312,2004,0.1,0.0,16.0,283.7,252.0,380.0,439.0,276.3,406.3,86.0,2.3,0.0,2141.7,0.1,551.7,1501.7,88.3,1314,,CHAMPHAI,
Mizoram,Champhai,IMD110-P1312,2005,1.0,0.7,127.0,82.7,213.5,150.7,250.4,224.4,204.3,282.7,5.7,14.3,1557.4,1.7,423.2,829.9,302.7,1314,,CHAMPHAI,
Mizoram,Champhai,IMD110-P1312,2006,,3.3,,24.3,423.7,674.3,313.6,175.8,244.8,122.0,0.0,0.0,,,,1408.4,122.0,1314,missing_months,CHAMPHAI,
Mizoram,Champhai,IMD110-P1312,2007,,57.8,10.7,257.0,302.8,447.5,423.8,398.8,350.8,131.8,99.8,,,,570.4,1620.8,,1314,missing_months,CHAMPHAI,
Mizoram,Champhai,IMD110-P1312,2008,,,24.7,10.0,233.1,249.4,322.4,418.3,573.8,106.8,13.7,0.0,,,267.7,1563.8,120.5,1314,missing_months,CHAMPHAI,
Mizoram,Champhai,IMD110-P1312,2009,,0.0,5.5,112.3,136.8,365.0,251.3,471.3,294.0,141.8,15.3,0.0,,,254.6,1381.6,157.1,1314,missing_months,CHAMPHAI,
Mizoram,Champhai,IMD110-P1312,2010,0.0,0.0,148.1,203.5,239.0,294.8,423.6,339.7,480.1,219.7,17.5,58.1,2424.0,0.0,590.7,1538.1,295.2,1314,,CHAMPHAI,
Mizoram,Kolasib,IMD110-P1315,1909,,,,,,,,408.7,330.6,131.9,48.0,44.7,,,,,224.6,1315,missing_months,KOLASIB,
Mizoram,Kolasib,IMD110-P1315,1910,25.7,11.7,29.3,136.1,404.7,555.7,214.6,484.5,281.2,340.7,12.7,0.0,2496.9,37.4,570.1,1536.0,353.4,1315,,KOLASIB,
Mizoram,Kolasib,IMD110-P1315,1911,37.2,1.3,112.4,164.1,419.6,411.5,423.7,608.4,369.7,275.7,0.0,0.0,2823.6,38.5,696.1,1813.3,275.7,1315,,KOLASIB,
Mizoram,Kolasib,IMD110-P1315,1912,0.0,73.1,187.8,515.9,273.0,363.1,360.9,416.1,305.2,171.2,85.0,0.0,2751.3,73.1,976.7,1445.3,256.2,1315,,KOLASIB,
Mizoram,Kolasib,IMD110-P1315,1913,0.3,61.2,203.5,175.9,250.0,680.1,512.2,384.2,162.6,185.1,75.4,14.0,2704.5,61.5,629.4,1739.1,274.5,1315,,KOLASIB,
Mizoram,Kolasib,IMD110-P1315,1914,0.0,110.8,278.4,230.3,294.2,272.4,486.8,346.2,407.2,67.8,0.0,116.0,2610.1,110.8,802.9,1512.6,183.8,1315,,KOLASIB,
Mizoram,Kolasib,IMD110-P1315,1915,13.5,23.9,111.6,308.0,510.9,812.3,533.9,386.3,443.8,178.9,11.2,0.0,3334.3,37.4,930.5,2176.3,190.1,1315,,KOLASIB,
Mizoram,Kolasib,IMD110-P1315,1916,4.6,21.4,139.5,281.1,207.9,334.4,445.7,373.7,242.8,590.8,19.1,0.0,2661.0,26.0,628.5,1396.6,609.9,1315,,KOLASIB,
Mizoram,Kolasib,IMD110-P1315,1917,0.0,134.4,5.2,452.0,95.8,626.0,362.7,477.8,471.8,139.8,19.5,0.0,2785.0,134.4,553.0,1938.3,159.3,1315,,KOLASIB,
Mizoram,Kolasib,IMD110-P1315,1918,8.9,25.4,193.1,265.8,288.7,459.4,607.7,421.4,588.8,68.6,0.0,13.2,2941.0,34.3,747.6,2077.3,81.8,1315,,KOLASIB,
Mizoram,Kolasib,IMD110-P1315,1919,7.6,13.5,34.8,121.9,233.7,255.9,309.0,529.4,145.1,217.6,64.3,0.0,1932.8,21.1,390.4,1239.4,281.9,1315,,KOLASIB,
Mizoram,Kolasib,IMD110-P1315,1920,0.0,64.2,243.1,240.0,148.9,307.7,687.0,458.3,195.6,121.8,6.4,0.0,2473.0,64.2,632.0,1648.6,128.2,1315,,KOLASIB,
Mizoram,Kolasib,IMD110-P1315,1921,27.2,27.9,186.0,296.8,228.0,687.8,434.5,481.0,555.6,185.5,3.8,0.0,3114.1,55.1,710.8,2158.9,189.3,1315,,KOLASIB,
Mizoram,Kolasib,IMD110-P1315,1922,0.0,0.3,50.6,221.3,162.4,507.0,456.4,445.4,664.7,90.9,3.1,6.1,2608.2,0.3,434.3,2073.5,100.1,1315,,KOLASIB,
Mizoram,Kolasib,IMD110-P1315,1923,0.0,125.0,6.1,320.3,206.7,714.6,343.7,753.0,297.8,248.7,64.5,1.8,3082.2,125.0,533.1,2109.1,315.0,1315,,KOLASIB,
Mizoram,Kolasib,IMD110-P1315,1924,0.0,38.6,23.4,282.8,322.7,345.4,555.6,486.0,375.9,268.5,238.7,0.0,2937.6,38.6,628.9,1762.9,507.2,1315,,KOLASIB,
Mizoram,Kolasib,IMD110-P1315,1925,9.4,40.0,45.7,321.7,468.4,369.9,524.9,503.7,267.6,156.4,13.7,0.0,2721.4,49.4,835.8,1666.1,170.1,1315,,KOLASIB,
Mizoram,Kolasib,IMD110-P1315,1926,22.1,196.1,178.6,235.9,290.2,522.5,331.0,773.3,317.4,187.7,4.3,48.3,3107.4,218.2,704.7,1944.2,240.3,1315,,KOLASIB,
Mizoram,Kolasib,IMD110-P1315,1927,32.2,88.7,54.0,755.5,213.2,439.3,607.2,598.2,418.3,157.5,91.7,0.0,3455.8,120.9,1022.7,2063.0,249.2,1315,,KOLASIB,
Mizoram,Kolasib,IMD110-P1315,1928,0.8,32.0,71.0,21.1,550.4,495.1,432.8,573.4,665.8,451.2,1.0,0.0,3294.6,32.8,642.5,2167.1,452.2,1315,,KOLASIB,
Mizoram,Kolasib,IMD110-P1315,1929,63.5,0.5,27.2,282.8,674.4,1176.0,446.6,535.1,383.9,201.2,1.0,21.7,3813.9,64.0,984.4,2541.6,223.9,1315,,KOLASIB,
Mizoram,Kolasib,IMD110-P1315,1930,57.6,37.9,129.9,272.2,329.5,745.4,360.4,397.4,468.4,91.6,272.1,0.0,3162.4,95.5,731.6,1971.6,363.7,1315,,KOLASIB,
Mizoram,Kolasib,IMD110-P1315,1931,0.5,16.2,33.3,105.6,409.5,296.2,225.1,404.3,370.4,263.0,171.5,14.5,2310.1,16.7,548.4,1296.0,449.0,1315,,KOLASIB,
Mizoram,Kolasib,IMD110-P1315,1932,7.6,27.3,107.4,204.4,238.9,546.5,352.5,328.4,536.2,138.3,58.9,0.0,2546.4,34.9,550.7,1763.6,197.2,1315,,KOLASIB,
Mizoram,Kolasib,IMD110-P1315,1933,0.0,25.2,50.4,178.4,402.0,743.8,344.2,430.6,180.3,73.9,36.3,1.3,2466.4,25.2,630.8,1698.9,111.5,1315,,KOLASIB,
Mizoram,Kolasib,IMD110-P1315,1934,7.1,149.1,125.2,171.1,530.6,511.7,353.4,533.7,,123.9,141.0,10.2,,156.2,826.9,,275.1,1315,missing_months,KOLASIB,
Mizoram,Kolasib,IMD110-P1315,1935,0.0,121.7,29.2,151.1,77.8,472.8,730.3,,673.4,78.7,56.2,0.0,,121.7,258.1,,134.9,1315,missing_months,KOLASIB,
Mizoram,Kolasib,IMD110-P1315,1936,0.0,107.5,124.1,551.4,393.1,601.0,578.1,518.7,284.5,179.8,12.2,14.5,3364.9,107.5,1068.6,1982.3,206.5,1315,,KOLASIB,
Mizoram,Kolasib,IMD110-P1315,1937,0.0,21.4,40.9,109.9,238.2,418.6,521.5,724.1,345.5,137.9,13.0,59.2,2630.2,21.4,389.0,2009.7,210.1,1315,,KOLASIB,
Mizoram,Kolasib,IMD110-P1315,1938,41.2,23.2,74.0,250.0,466.9,531.4,550.0,375.4,425.5,116.0,66.5,0.0,2920.1,64.4,790.9,1882.3,182.5,1315,,KOLASIB,
Mizoram,Kolasib,IMD110-P1315,1939,1.5,17.1,29.3,277.9,,398.4,717.8,358.7,552.1,258.1,38.3,0.0,,18.6,,2027.0,296.4,1315,missing_months,KOLASIB,
Mizoram,Kolasib,IMD110-P1315,1940,0.0,27.1,295.4,14.5,486.8,554.8,421.3,618.2,248.8,119.2,28.7,3.0,2817.8,27.1,796.7,1843.1,150.9,1315,,KOLASIB,
Mizoram,Kolasib,IMD110-P1315,1941,22.9,37.3,39.1,398.1,914.2,786.3,419.1,329.1,398.3,99.6,78.0,8.9,3530.9,60.2,1351.4,1932.8,186.5,1316,,KOLASIB,
Mizoram,Kolasib,IMD110-P1315,1942,0.8,6.6,67.5,432.0,464.5,613.4,541.9,510.2,460.6,97.5,131.1,0.0,3326.1,7.4,964.0,2126.1,228.6,1316,,KOLASIB,
Mizoram,Kolasib,IMD110-P1315,1943,,42.4,115.5,164.8,401.6,524.5,401.1,547.6,496.1,63.7,0.0,0.0,,,681.9,1969.3,63.7,1316,missing_months,KOLASIB,
Mizoram,Kolasib,IMD110-P1315,1944,126.4,13.0,118.1,172.5,208.0,496.6,589.2,400.2,481.4,70.3,0.0,0.0,2675.7,139.4,498.6,1967.4,70.3,1316,,KOLASIB,
Mizoram,Kolasib,IMD110-P1315,1945,58.7,50.3,107.5,226.6,314.4,637.7,605.0,460.5,519.3,215.3,0.0,2.3,3197.6,109.0,648.5,2222.5,217.6,1316,,KOLASIB,
Mizoram,Kolasib,IMD110-P1315,1946,0.0,32.3,153.7,318.0,544.7,,,826.3,463.5,408.7,11.1,45.0,,32.3,1016.4,,464.8,1316,missing_months,KOLASIB,
Mizoram,Kolasib,IMD110-P1315,1947,0.0,8.6,31.7,200.5,460.1,698.6,549.2,329.6,519.1,293.4,0.0,28.9,3119.7,8.6,692.3,2096.5,322.3,1316,,KOLASIB,
Mizoram,Kolasib,IMD110-P1315,1948,27.4,114.5,92.0,195.0,536.5,540.3,266.6,765.2,564.1,110.3,109.8,1.3,3323.0,141.9,823.5,2136.2,221.4,1316,,KOLASIB,
Mizoram,Kolasib,IMD110-P1315,1949,25.7,5.1,34.0,427.8,506.8,517.5,617.5,480.8,440.2,243.7,3.3,0.0,3302.4,30.8,968.6,2056.0,247.0,1316,,KOLASIB,
Mizoram,Kolasib,IMD110-P1315,1950,34.8,61.8,228.6,191.0,,342.4,356.5,515.8,417.6,,54.4,2.5,,96.6,,1632.3,,1316,missing_months,KOLASIB,
Mizoram,Kolasib,IMD110-P1315,1951,1.3,0.0,60.0,297.2,238.7,389.3,390.2,623.2,239.4,280.9,67.5,6.6,2594.3,1.3,595.9,1642.1,355.0,1316,,KOLASIB,
Mizoram,Kolasib,IMD110-P1315,1952,19.3,0.5,164.9,210.3,472.8,533.7,799.7,748.5,411.4,304.0,13.2,0.0,3678.3,19.8,848.0,2493.3,317.2,1316,,KOLASIB,
Mizoram,Kolasib,IMD110-P1315,1953,8.2,18.0,68.1,125.2,497.8,668.5,296.9,439.1,380.2,181.1,63.5,0.5,2747.1,26.2,691.1,1784.7,245.1,1316,,KOLASIB,
Mizoram,Kolasib,IMD110-P1315,1954,7.2,64.5,31.0,339.1,308.2,419.1,336.7,223.4,691.4,296.1,2.0,0.8,2719.5,71.7,678.3,1670.6,298.9,1316,,KOLASIB,
Mizoram,Kolasib,IMD110-P1315,1956,16.1,0.0,120.1,116.1,548.1,596.1,429.4,462.9,237.4,238.2,171.8,0.0,2936.2,16.1,784.3,1725.8,410.0,1316,,KOLASIB,
Mizoram,Kolasib,IMD110-P1315,1957,66.6,90.5,10.7,100.2,411.7,270.7,421.8,478.6,415.2,175.3,0.0,1.3,2442.6,157.1,522.6,1586.3,176.6,1316,,KOLASIB,
Mizoram,Kolasib,IMD110-P1315,1959,72.1,28.1,261.6,85.6,343.0,396.1,584.4,399.5,355.3,389.1,0.0,0.0,2914.8,100.2,690.2,1735.3,389.1,1316,,KOLASIB,
Mizoram,Kolasib,IMD110-P1315,1966,18.0,6.3,54.9,162.1,358.3,881.4,670.9,383.2,460.6,198.4,,,,24.3,575.3,2396.1,,1316,missing_months,KOLASIB,
Mizoram,Kolasib,IMD110-P1315,1986,14.5,26.5,20.5,298.5,117.0,439.0,507.0,428.0,344.5,316.5,119.5,2.5,2634.0,41.0,436.0,1718.5,438.5,1316,,KOLASIB,
Mizoram,Kolasib,IMD110-P1315,1987,7.5,2.0,73.5,152.5,189.0,490.0,435.0,390.5,448.0,379.5,53.0,4.0,2624.5,9.5,415.0,1763.5,436.5,1316,,KOLASIB,
Mizoram,Kolasib,IMD110-P1315,1988,0.0,48.5,121.5,172.0,448.0,438.5,434.0,353.5,251.5,212.0,72.0,0.0,2551.5,48.5,741.5,1477.5,284.0,1316,,KOLASIB,
Mizoram,Kolasib,IMD110-P1315,1989,0.0,21.5,18.5,95.0,227.0,431.5,487.0,491.0,443.5,372.5,0.0,0.0,2587.5,21.5,340.5,1853.0,372.5,1316,,KOLASIB,
Mizoram,Kolasib,IMD110-P1315,1990,0.0,33.5,226.0,246.5,304.5,440.0,426.5,307.0,341.0,183.0,96.5,26.0,2630.5,33.5,777.0,1514.5,305.5,1316,,KOLASIB,
Mizoram,Kolasib,IMD110-P1315,1991,43.5,94.5,194.0,382.0,442.0,394.0,230.0,334.5,312.0,233.0,0.0,126.5,2786.0,138.0,1018.0,1270.5,359.5,1316,,KOLASIB,
Mizoram,Kolasib,IMD110-P1315,1992,8.0,68.0,16.0,168.5,262.0,266.0,381.0,464.5,330.0,263.0,9.0,8.5,2244.5,76.0,446.5,1441.5,280.5,1316,,KOLASIB,
Mizoram,Kolasib,IMD110-P1315,1993,3.0,142.0,120.5,188.0,521.5,500.0,511.0,427.0,267.5,156.5,7.0,0.0,2844.0,145.0,830.0,1705.5,163.5,1316,,KOLASIB,
Mizoram,Kolasib,IMD110-P1315,1994,13.5,40.0,256.5,247.0,174.0,534.5,601.0,416.5,184.0,148.0,4.5,0.0,2619.5,53.5,677.5,1736.0,152.5,1316,,KOLASIB,
Mizoram,Kolasib,IMD110-P1315,1995,8.0,38.5,49.5,54.0,359.0,490.5,306.5,851.5,352.0,149.5,187.0,0.0,2846.0,46.5,462.5,2000.5,336.5,1316,,KOLASIB,
Mizoram,Kolasib,IMD110-P1315,1996,0.5,96.0,338.0,59.5,249.5,470.5,345.0,589.0,489.0,200.5,67.0,0.0,2904.5,96.5,647.0,1893.5,267.5,1316,,KOLASIB,
Mizoram,Kolasib,IMD110-P1315,1997,6.0,33.5,185.5,140.0,332.5,304.0,846.5,515.0,747.5,65.5,0.0,70.5,3246.5,39.5,658.0,2413.0,136.0,1316,,KOLASIB,
Mizoram,Kolasib,IMD110-P1315,1998,40.6,43.5,215.0,138.0,220.5,643.0,226.0,359.0,212.0,142.5,49.5,0.0,2289.6,84.1,573.5,1440.0,192.0,1316,,KOLASIB,
Mizoram,Kolasib,IMD110-P1315,1999,0.0,0.0,43.3,23.3,458.0,264.3,506.3,372.0,353.0,275.0,4.3,0.0,2299.7,0.0,524.7,1495.7,279.3,1316,,KOLASIB,
Mizoram,Kolasib,IMD110-P1315,2000,21.3,38.3,211.0,376.3,342.7,334.3,268.3,602.3,452.7,266.0,2.0,0.0,2915.3,59.7,930.0,1657.7,268.0,1316,,KOLASIB,
Mizoram,Kolasib,IMD110-P1315,2001,0.0,93.0,83.7,150.7,365.3,734.0,558.3,436.3,532.0,302.7,120.7,0.0,3376.7,93.0,599.7,2260.7,423.3,1316,,KOLASIB,
Mizoram,Kolasib,IMD110-P1315,2002,7.3,0.0,52.0,230.7,659.0,359.3,397.0,630.0,186.0,186.0,79.7,1.0,2788.0,7.3,941.7,1572.3,266.7,1317,,KOLASIB,
Mizoram,Kolasib,IMD110-P1315,2003,0.0,6.3,81.3,212.0,234.0,570.3,332.0,379.3,400.0,157.0,0.0,59.0,2431.3,6.3,527.3,1681.7,216.0,1317,,KOLASIB,
Mizoram,Kolasib,IMD110-P1315,2004,0.3,0.0,10.0,486.0,217.3,390.3,642.3,520.3,264.3,83.7,0.0,0.0,2614.7,0.3,713.3,1817.3,83.7,1317,,KOLASIB,
Mizoram,Kolasib,IMD110-P1315,2005,0.0,53.3,186.9,95.8,454.7,633.2,589.0,444.6,336.6,211.0,0.0,0.0,3005.1,53.3,737.4,2003.3,211.0,1317,,KOLASIB,
Mizoram,Kolasib,IMD110-P1315,2006,,7.0,12.6,207.2,446.5,554.4,517.7,383.1,225.8,198.4,2.8,0.0,,,666.3,1681.0,201.2,1317,missing_months,KOLASIB,
Mizoram,Kolasib,IMD110-P1315,2007,,74.0,21.1,312.7,319.4,398.9,280.3,525.8,597.5,216.8,73.9,,,,653.2,1802.5,,1317,missing_months,KOLASIB,
Mizoram,Kolasib,IMD110-P1315,2008,,,53.5,33.6,103.4,377.2,350.7,609.5,253.8,271.1,0.0,,,,190.5,1591.2,,1317,missing_months,KOLASIB,
Mizoram,Kolasib,IMD110-P1315,2009,,14.0,51.1,165.2,211.0,301.3,327.6,370.6,372.6,101.6,6.7,,,,427.3,1372.1,,1317,missing_months,KOLASIB,
Mizoram,Kolasib,IMD110-P1315,2010,0.0,0.4,91.6,501.1,473.6,515.0,575.8,815.5,584.1,179.4,11.1,89.3,3836.9,0.4,1066.4,2490.3,279.8,1317,,KOLASIB,
Mizoram,Lawngtlai,IMD110-P1318,1986,0.0,0.0,33.0,268.0,25.0,546.0,417.0,582.0,291.0,334.0,106.0,0.0,2602.0,0.0,326.0,1836.0,440.0,1318,,LAWNGTLAI,
Mizoram,Lawngtlai,IMD110-P1318,1987,5.0,0.0,20.0,124.0,66.0,480.0,441.0,442.0,429.0,165.0,138.0,0.0,2310.0,5.0,210.0,1792.0,303.0,1318,,LAWNGTLAI,
Mizoram,Lawngtlai,IMD110-P1318,1988,0.0,0.0,34.0,127.0,345.0,490.0,500.0,392.0,308.0,180.0,97.0,0.0,2473.0,0.0,506.0,1690.0,277.0,1318,,LAWNGTLAI,
Mizoram,Lawngtlai,IMD110-P1318,1989,0.0,27.0,0.0,128.0,99.0,407.0,500.0,447.0,465.0,405.0,0.0,0.0,2478.0,27.0,227.0,1819.0,405.0,1318,,LAWNGTLAI,
Mizoram,Lawngtlai,IMD110-P1318,1990,0.0,17.0,118.0,288.0,332.0,439.0,481.0,498.0,507.0,68.0,155.0,26.0,2929.0,17.0,738.0,1925.0,249.0,1318,,LAWNGTLAI,
Mizoram,Lawngtlai,IMD110-P1318,1991,62.0,0.0,34.0,211.0,689.0,561.0,331.0,305.0,475.0,318.0,24.0,10.0,3020.0,62.0,934.0,1672.0,352.0,1318,,LAWNGTLAI,
Mizoram,Lawngtlai,IMD110-P1318,1992,6.0,162.0,4.0,94.0,179.0,415.0,389.0,415.0,355.0,297.0,64.0,21.0,2401.0,168.0,277.0,1574.0,382.0,1318,,LAWNGTLAI,
Mizoram,Lawngtlai,IMD110-P1318,1993,22.0,192.0,70.0,53.0,390.0,511.0,470.0,372.0,312.0,276.0,50.0,0.0,2718.0,214.0,513.0,1665.0,326.0,1318,,LAWNGTLAI,
Mizoram,Lawngtlai,IMD110-P1318,1994,0.0,0.0,260.0,57.0,162.0,127.0,476.0,365.0,175.0,132.0,79.0,0.0,1833.0,0.0,479.0,1143.0,211.0,1318,,LAWNGTLAI,
Mizoram,Lawngtlai,IMD110-P1318,1995,0.0,0.0,0.0,9.0,300.0,442.0,517.0,480.0,331.0,245.0,162.0,0.0,2486.0,0.0,309.0,1770.0,407.0,1318,,LAWNGTLAI,
Mizoram,Lawngtlai,IMD110-P1318,1996,0.0,5.0,190.0,16.0,131.0,242.0,303.0,250.0,534.0,306.0,0.0,0.0,1977.0,5.0,337.0,1329.0,306.0,1318,,LAWNGTLAI,
Mizoram,Lawngtlai,IMD110-P1318,1997,9.0,0.0,151.0,191.0,326.0,333.0,1070.0,225.0,300.0,42.0,0.0,30.0,2677.0,9.0,668.0,1928.0,72.0,1318,,LAWNGTLAI,
Mizoram,Lawngtlai,IMD110-P1318,1998,12.0,3.0,62.0,60.0,673.0,412.0,830.0,432.0,383.0,76.0,1.0,0.0,2944.0,15.0,795.0,2057.0,77.0,1318,,LAWNGTLAI,
Mizoram,Lawngtlai,IMD110-P1318,1999,0.0,0.0,2.0,20.0,468.0,642.0,421.0,399.0,325.0,404.0,32.0,49.0,2762.0,0.0,490.0,1787.0,485.0,1318,,LAWNGTLAI,
Mizoram,Lawngtlai,IMD110-P1318,2000,10.0,5.0,20.0,203.0,611.0,518.0,261.0,524.0,297.0,222.0,80.0,0.0,2751.0,15.0,834.0,1600.0,302.0,1318,,LAWNGTLAI,
Mizoram,Lawngtlai,IMD110-P1318,2001,0.0,0.0,0.0,74.0,311.0,424.0,312.0,361.0,348.0,233.0,81.0,0.0,2144.0,0.0,385.0,1445.0,314.0,1318,,LAWNGTLAI,
Mizoram,Lawngtlai,IMD110-P1318,2002,13.0,0.0,41.0,55.0,698.0,701.0,892.0,377.0,253.0,74.0,99.0,0.0,3203.0,13.0,794.0,2223.0,173.0,1318,,LAWNGTLAI,
Mizoram,Lawngtlai,IMD110-P1318,2003,0.0,0.0,42.0,27.0,462.0,916.0,323.0,269.0,365.0,367.0,0.0,0.0,2771.0,0.0,531.0,1873.0,367.0,1318,,LAWNGTLAI,
Mizoram,Lawngtlai,IMD110-P1318,2004,0.0,0.0,0.0,,234.0,577.0,554.0,233.0,202.0,115.0,0.0,0.0,,0.0,,1566.0,115.0,1318,missing_months,LAWNGTLAI,
Mizoram,Lawngtlai,IMD110-P1318,2005,0.0,0.0,89.0,160.0,140.0,313.9,416.4,582.1,302.0,217.0,97.7,0.0,2318.1,0.0,389.0,1614.4,314.7,1318,,LAWNGTLAI,
Mizoram,Lawngtlai,IMD110-P1318,2006,,,,35.0,461.0,536.0,481.0,265.0,149.0,153.0,35.0,0.0,,,,1431.0,188.0,1318,missing_months,LAWNGTLAI,
Mizoram,Lawngtlai,IMD110-P1318,2007,,35.0,11.0,86.0,426.0,519.5,525.5,421.1,579.5,195.5,36.0,,,,523.0,2045.6,,1318,missing_months,LAWNGTLAI,
Mizoram,Lawngtlai,IMD110-P1318,2008,,,12.0,0.0,162.0,314.5,419.2,339.6,326.9,157.9,0.0,,,,174.0,1400.2,,1318,missing_months,LAWNGTLAI,
Mizoram,Lawngtlai,IMD110-P1318,2009,,0.0,12.0,123.2,181.0,439.9,,,562.3,151.0,48.1,,,,316.2,,,1318,missing_months,LAWNGTLAI,
Mizoram,Lawngtlai,IMD110-P1318,2010,0.0,0.0,0.0,33.0,261.4,423.9,352.3,482.2,271.2,170.3,32.0,14.7,2041.0,0.0,294.4,1529.6,217.0,1318,,LAWNGTLAI,
Mizoram,Lunglei,IMD110-P1319,1901,9.3,34.0,43.4,210.7,132.8,669.8,510.4,593.6,424.4,232.3,63.7,0.0,2924.3,43.3,386.9,2198.3,295.9,1319,,LUNGLEI,
Mizoram,Lunglei,IMD110-P1319,1902,0.0,0.0,5.3,321.3,268.7,806.5,539.8,364.7,513.5,132.9,0.0,4.6,2957.1,0.0,595.3,2224.4,137.5,1319,,LUNGLEI,
Mizoram,Lunglei,IMD110-P1319,1903,14.2,73.9,101.3,33.8,171.3,702.8,537.0,673.0,527.6,245.6,114.4,0.0,3194.8,88.1,306.5,2440.3,360.0,1319,,LUNGLEI,
Mizoram,Lunglei,IMD110-P1319,1904,0.0,32.4,44.1,343.2,229.5,589.8,676.0,477.1,557.1,181.5,117.5,5.1,3253.1,32.4,616.8,2299.9,304.0,1319,,LUNGLEI,
Mizoram,Lunglei,IMD110-P1319,1905,5.8,37.6,493.0,145.5,188.5,434.0,638.9,828.8,538.5,210.1,0.3,14.8,3535.9,43.4,827.0,2440.3,225.1,1319,,LUNGLEI,
Mizoram,Lunglei,IMD110-P1319,1906,1.9,65.2,70.2,142.8,372.3,679.2,798.7,665.6,728.4,168.9,43.2,13.5,3749.6,67.1,585.2,2871.8,225.6,1319,,LUNGLEI,
Mizoram,Lunglei,IMD110-P1319,1907,16.1,10.8,63.4,214.5,157.1,475.5,531.6,385.5,588.4,243.8,0.7,83.2,2770.5,26.9,435.0,1980.9,327.7,1319,,LUNGLEI,
Mizoram,Lunglei,IMD110-P1319,1908,18.2,12.4,0.0,168.9,278.2,408.4,869.3,565.3,489.5,317.6,280.1,0.0,3407.9,30.6,447.2,2332.4,597.7,1319,,LUNGLEI,
Mizoram,Lunglei,IMD110-P1319,1909,1.1,0.0,0.0,166.9,288.2,483.7,320.3,791.7,355.3,323.7,132.6,129.1,2992.8,1.1,455.1,1951.1,585.5,1319,,LUNGLEI,
Mizoram,Lunglei,IMD110-P1319,1910,27.6,17.3,0.9,85.7,170.2,533.3,582.1,542.8,399.6,266.1,15.5,0.0,2641.1,44.9,256.9,2057.8,281.6,1319,,LUNGLEI,
Mizoram,Lunglei,IMD110-P1319,1911,48.2,0.0,86.4,156.3,262.7,576.0,769.2,427.2,383.6,302.4,10.8,0.0,3022.8,48.2,505.4,2156.1,313.2,1319,,LUNGLEI,
Mizoram,Lunglei,IMD110-P1319,1912,0.0,38.0,79.4,270.6,298.5,450.2,407.5,506.8,532.5,287.7,37.0,0.0,2908.1,38.0,648.5,1897.0,324.6,1319,,LUNGLEI,
Mizoram,Lunglei,IMD110-P1319,1913,0.0,40.5,82.7,208.2,304.4,734.2,834.8,685.0,289.6,246.7,130.4,15.2,3571.8,40.5,595.2,2543.7,392.4,1319,,LUNGLEI,
Mizoram,Lunglei,IMD110-P1319,1914,0.0,81.4,57.1,221.8,316.7,539.0,412.9,756.3,207.4,144.8,23.3,135.1,2895.7,81.4,595.5,1915.6,303.1,1319,,LUNGLEI,
Mizoram,Lunglei,IMD110-P1319,1915,2.6,16.3,57.1,189.7,425.0,384.4,637.6,660.8,322.3,274.2,72.2,0.0,3042.3,19.0,671.8,2005.1,346.4,1319,,LUNGLEI,
Mizoram,Lunglei,IMD110-P1319,1916,2.0,9.9,6.1,318.6,164.8,535.7,821.7,579.0,571.5,535.5,82.1,7.1,3634.0,11.9,489.6,2507.9,624.7,1319,,LUNGLEI,
Mizoram,Lunglei,IMD110-P1319,1917,0.0,34.3,8.5,336.7,117.9,343.6,432.9,670.0,426.9,166.9,108.4,0.0,2646.0,34.3,463.1,1873.4,275.3,1319,,LUNGLEI,
Mizoram,Lunglei,IMD110-P1319,1918,0.4,0.0,81.1,242.9,386.3,806.2,910.5,710.8,418.0,78.4,117.5,3.5,3755.6,0.4,710.3,2845.5,199.4,1319,,LUNGLEI,
Mizoram,Lunglei,IMD110-P1319,1919,14.2,7.4,0.6,123.4,76.2,429.2,591.0,371.9,456.1,111.3,118.9,0.2,2300.5,21.6,200.2,1848.2,230.4,1319,,LUNGLEI,
Mizoram,Lunglei,IMD110-P1319,1920,0.8,67.4,225.4,59.1,201.0,344.6,343.3,654.3,498.2,131.3,11.0,0.0,2536.4,68.2,485.5,1840.4,142.3,1319,,LUNGLEI,
Mizoram,Lunglei,IMD110-P1319,1921,49.9,6.4,248.4,83.6,210.1,395.6,555.7,402.5,710.6,492.6,2.6,0.0,3157.9,56.3,542.0,2064.3,495.2,1319,,LUNGLEI,
Mizoram,Lunglei,IMD110-P1319,1922,0.0,0.0,3.2,127.4,234.2,575.0,472.1,625.0,449.4,233.6,28.7,1.3,2749.7,0.0,364.7,2121.4,263.6,1319,,LUNGLEI,
Mizoram,Lunglei,IMD110-P1319,1923,0.0,44.2,0.8,101.0,527.3,668.4,361.3,691.2,931.8,313.1,183.0,20.1,3842.1,44.2,629.0,2652.7,516.2,1319,,LUNGLEI,
Mizoram,Lunglei,IMD110-P1319,1924,0.0,55.0,0.0,130.0,384.6,766.0,418.4,631.4,380.8,244.6,133.1,0.0,3144.0,55.0,514.6,2196.7,377.7,1319,,LUNGLEI,
Mizoram,Lunglei,IMD110-P1319,1925,37.4,11.3,5.2,212.3,262.8,603.0,494.0,686.8,290.2,122.0,121.7,0.0,2846.6,48.7,480.3,2074.0,243.7,1319,,LUNGLEI,
Mizoram,Lunglei,IMD110-P1319,1926,11.7,46.6,121.5,212.7,240.2,503.8,622.4,492.3,379.1,232.3,85.5,55.9,3004.0,58.3,574.4,1997.6,373.7,1319,,LUNGLEI,
Mizoram,Lunglei,IMD110-P1319,1927,33.0,114.9,69.8,358.7,313.6,594.2,494.6,482.9,734.5,328.6,29.5,0.2,3554.3,147.8,742.0,2306.2,358.3,1319,,LUNGLEI,
Mizoram,Lunglei,IMD110-P1319,1928,6.0,5.1,15.2,35.4,361.0,458.8,456.7,546.4,566.2,219.6,36.2,0.0,2706.7,11.1,411.6,2028.1,255.8,1319,,LUNGLEI,
Mizoram,Lunglei,IMD110-P1319,1929,0.3,1.7,20.8,229.3,286.0,1782.0,372.4,551.3,370.0,100.2,17.4,0.0,3731.4,1.9,536.1,3075.7,117.6,1319,,LUNGLEI,
Mizoram,Lunglei,IMD110-P1319,1930,8.1,42.5,168.0,75.7,427.7,609.3,568.8,385.9,294.2,91.7,190.0,0.0,2861.8,50.6,671.3,1858.2,281.7,1319,,LUNGLEI,
Mizoram,Lunglei,IMD110-P1319,1931,0.0,2.4,43.8,106.9,395.8,523.6,599.7,355.9,604.0,307.4,57.9,8.1,3005.4,2.4,546.5,2083.2,373.3,1319,,LUNGLEI,
Mizoram,Lunglei,IMD110-P1319,1932,0.3,43.8,37.6,128.5,316.9,999.1,707.0,536.1,500.3,88.4,269.4,0.0,3627.3,44.1,482.9,2742.5,357.8,1319,,LUNGLEI,
Mizoram,Lunglei,IMD110-P1319,1933,0.0,3.5,23.3,136.0,234.3,467.5,516.6,663.0,306.4,184.2,8.8,0.0,2543.6,3.5,393.6,1953.5,193.0,1319,,LUNGLEI,
Mizoram,Lunglei,IMD110-P1319,1934,2.6,137.8,23.5,141.1,234.0,510.2,989.7,442.9,390.9,203.1,178.4,6.9,3261.1,140.5,398.6,2333.7,388.3,1320,,LUNGLEI,
Mizoram,Lunglei,IMD110-P1319,1935,0.0,4.8,7.0,256.0,153.5,790.5,467.2,779.5,464.2,225.8,8.6,0.0,3157.1,4.8,416.5,2501.4,234.4,1320,,LUNGLEI,
Mizoram,Lunglei,IMD110-P1319,1936,6.7,37.1,29.8,294.2,587.8,527.9,537.7,681.5,424.3,218.2,24.2,0.7,3370.1,43.8,911.8,2171.4,243.1,1320,,LUNGLEI,
Mizoram,Lunglei,IMD110-P1319,1937,0.0,25.3,27.7,75.1,326.4,604.6,495.7,813.1,417.9,201.7,37.7,154.7,3179.9,25.3,429.2,2331.4,394.1,1320,,LUNGLEI,
Mizoram,Lunglei,IMD110-P1319,1938,7.1,15.0,29.9,96.1,530.8,748.5,438.9,686.5,601.8,256.5,132.9,0.0,3544.1,22.1,656.8,2475.8,389.5,1320,,LUNGLEI,
Mizoram,Lunglei,IMD110-P1319,1939,10.0,21.6,16.4,134.6,213.4,541.7,725.9,368.2,417.4,306.0,81.1,0.0,2836.2,31.6,364.3,2053.1,387.1,1320,,LUNGLEI,
Mizoram,Lunglei,IMD110-P1319,1940,0.0,85.7,211.2,0.0,304.4,538.8,418.3,498.6,688.0,243.5,32.9,33.8,3055.2,85.7,515.6,2143.7,310.2,1320,,LUNGLEI,
Mizoram,Lunglei,IMD110-P1319,1941,74.8,89.9,30.9,283.7,770.2,756.5,869.1,282.4,381.7,207.7,65.3,0.4,3812.6,164.7,1084.9,2289.6,273.4,1320,,LUNGLEI,
Mizoram,Lunglei,IMD110-P1319,1942,0.3,0.4,44.3,273.8,391.6,684.8,329.3,512.8,688.2,126.2,199.6,2.8,3254.1,0.7,709.7,2215.1,328.6,1320,,LUNGLEI,
Mizoram,Lunglei,IMD110-P1319,1943,47.5,6.4,64.5,83.5,153.5,499.2,552.1,517.7,482.5,69.0,0.0,0.0,2476.0,54.0,301.5,2051.5,69.0,1320,,LUNGLEI,
Mizoram,Lunglei,IMD110-P1319,1944,78.2,6.9,59.9,94.9,190.4,963.9,498.3,493.7,651.3,162.3,0.5,0.0,3200.3,85.2,345.2,2607.2,162.8,1320,,LUNGLEI,
Mizoram,Lunglei,IMD110-P1319,1945,121.7,93.0,0.2,83.8,313.4,678.2,516.6,627.6,495.0,165.4,45.9,173.8,3314.6,214.7,397.4,2317.4,385.2,1320,,LUNGLEI,
Mizoram,Lunglei,IMD110-P1319,1946,0.0,0.0,188.3,233.4,376.9,454.9,1060.7,474.8,335.0,211.6,1.9,138.4,3475.9,0.0,798.6,2325.4,351.9,1320,,LUNGLEI,
Mizoram,Lunglei,IMD110-P1319,1947,1.0,0.0,17.2,102.6,379.0,1128.9,1109.4,871.0,750.7,430.2,2.9,46.9,4839.8,1.0,498.8,3860.1,479.9,1320,,LUNGLEI,
Mizoram,Lunglei,IMD110-P1319,1948,0.8,35.9,0.0,229.5,576.1,460.8,533.8,511.9,675.3,84.7,69.9,0.0,3178.6,36.6,805.5,2181.9,154.6,1320,,LUNGLEI,
Mizoram,Lunglei,IMD110-P1319,1949,0.5,0.3,38.5,323.2,505.2,680.7,524.0,441.7,490.4,253.1,5.6,0.0,3263.3,0.8,866.9,2136.8,258.8,1320,,LUNGLEI,
Mizoram,Lunglei,IMD110-P1319,1950,0.0,22.9,51.6,108.1,207.0,404.0,375.3,643.5,482.4,394.5,97.9,0.8,2788.0,22.9,366.8,1905.2,493.2,1320,,LUNGLEI,
Mizoram,Lunglei,IMD110-P1319,1951,0.0,0.0,17.2,256.5,204.1,687.6,714.7,791.9,284.1,561.3,21.3,22.7,3561.5,0.0,477.8,2478.3,605.3,1320,,LUNGLEI,
Mizoram,Lunglei,IMD110-P1319,1952,0.0,0.2,60.3,239.4,385.4,700.0,514.7,399.5,399.7,448.1,105.5,0.0,3252.7,0.2,685.1,2013.9,553.6,1320,,LUNGLEI,
Mizoram,Lunglei,IMD110-P1319,1953,0.0,2.7,12.7,64.3,601.4,698.9,352.2,557.1,596.3,126.2,12.3,0.4,3024.5,2.7,678.4,2204.6,138.9,1320,,LUNGLEI,
Mizoram,Lunglei,IMD110-P1319,1954,10.8,41.1,24.4,51.7,216.6,562.3,507.7,957.5,473.5,408.2,0.7,6.2,3260.6,51.8,292.7,2501.0,415.1,1320,,LUNGLEI,
Mizoram,Lunglei,IMD110-P1319,1955,0.0,0.0,169.8,124.7,375.8,650.2,723.6,585.0,350.8,291.9,244.9,0.0,3516.6,0.0,670.3,2309.6,536.7,1320,,LUNGLEI,
Mizoram,Lunglei,IMD110-P1319,1956,13.6,0.0,71.9,47.0,570.3,1058.3,668.6,1001.3,400.2,321.3,114.4,0.0,4266.9,13.6,689.3,3128.4,435.7,1320,,LUNGLEI,
Mizoram,Lunglei,IMD110-P1319,1957,51.5,16.0,0.8,75.6,187.1,468.9,361.9,427.7,506.5,217.5,2.5,0.0,2315.9,67.4,263.5,1764.9,220.1,1320,,LUNGLEI,
Mizoram,Lunglei,IMD110-P1319,1959,55.8,65.2,164.2,37.9,359.7,720.3,503.8,502.1,335.5,470.4,0.0,18.6,3233.5,121.0,561.8,2061.7,489.0,1320,,LUNGLEI,
Mizoram,Lunglei,IMD110-P1319,1966,10.9,,27.9,56.2,229.1,546.8,,327.4,325.8,150.4,6.3,,,,313.2,,,1320,missing_months,LUNGLEI,
Mizoram,Lunglei,IMD110-P1319,1968,,46.9,93.4,82.8,,652.4,1174.7,564.6,,,,,,,,,,1320,missing_months,LUNGLEI,
Mizoram,Lunglei,IMD110-P1319,1979,,,,,,476.0,,395.0,455.0,,,,,,,,,1320,missing_months,LUNGLEI,
Mizoram,Lunglei,IMD110-P1319,1984,,,,157.3,492.5,,,,,,,,,,,,,1320,missing_months,LUNGLEI,
Mizoram,Lunglei,IMD110-P1319,1985,,16.0,44.2,,561.4,,464.0,324.0,304.9,,,,,,,,,1320,missing_months,LUNGLEI,
Mizoram,Lunglei,IMD110-P1319,1986,0.0,0.0,7.5,182.5,106.5,491.0,330.0,478.0,438.5,249.5,0.0,0.0,2283.5,0.0,296.5,1737.5,249.5,1320,,LUNGLEI,
Mizoram,Lunglei,IMD110-P1319,1987,0.0,0.0,54.7,145.3,182.0,421.0,441.0,467.0,472.0,237.0,55.0,0.0,2475.0,0.0,382.0,1801.0,292.0,1320,,LUNGLEI,
Mizoram,Lunglei,IMD110-P1319,1988,0.0,21.3,59.0,119.8,363.3,510.7,467.0,384.4,335.0,446.7,76.8,0.0,2784.0,21.3,542.1,1697.1,523.4,1320,,LUNGLEI,
Mizoram,Lunglei,IMD110-P1319,1989,0.0,14.0,20.0,65.7,267.0,287.0,497.5,440.7,430.7,430.3,0.0,0.0,2452.8,14.0,352.7,1655.8,430.3,1320,,LUNGLEI,
Mizoram,Lunglei,IMD110-P1319,1990,0.0,16.9,190.6,252.1,283.4,352.0,463.5,426.8,411.2,102.3,55.8,64.0,2618.7,16.9,726.1,1653.6,222.2,1321,,LUNGLEI,
Mizoram,Lunglei,IMD110-P1319,1991,31.2,4.1,49.0,206.3,397.9,479.6,418.3,288.8,329.6,275.8,25.0,22.4,2527.8,35.3,653.2,1516.1,323.2,1321,,LUNGLEI,
Mizoram,Lunglei,IMD110-P1319,1992,1.6,41.8,21.0,32.7,132.1,454.8,528.8,447.9,377.6,266.3,33.4,3.3,2341.2,43.3,185.7,1809.1,303.1,1321,,LUNGLEI,
Mizoram,Lunglei,IMD110-P1319,1993,9.4,150.1,85.1,119.0,433.4,458.8,507.4,386.4,316.9,229.5,13.0,0.0,2708.9,159.4,637.4,1669.5,242.5,1321,,LUNGLEI,
Mizoram,Lunglei,IMD110-P1319,1994,0.1,0.2,211.8,131.7,121.7,110.3,326.0,395.1,177.9,97.9,42.8,0.0,1615.4,0.3,465.1,1009.4,140.7,1321,,LUNGLEI,
Mizoram,Lunglei,IMD110-P1319,1995,0.7,3.1,10.9,14.7,185.9,184.4,319.0,587.3,355.3,173.4,245.6,0.0,2080.4,3.8,211.5,1446.1,419.0,1321,,LUNGLEI,
Mizoram,Lunglei,IMD110-P1319,1996,0.0,20.9,139.9,146.1,349.7,407.7,455.7,498.2,488.9,299.9,33.8,0.1,2840.8,20.9,635.8,1850.4,333.8,1321,,LUNGLEI,
Mizoram,Lunglei,IMD110-P1319,1997,5.2,9.1,181.4,87.8,255.6,540.9,917.2,322.1,469.9,70.2,17.4,30.8,2907.4,14.3,524.8,2250.1,118.3,1321,,LUNGLEI,
Mizoram,Lunglei,IMD110-P1319,1998,12.1,32.3,98.2,166.3,652.3,382.7,636.3,510.3,393.0,134.4,4.8,0.0,3022.8,44.4,916.8,1922.3,139.2,1321,,LUNGLEI,
Mizoram,Lunglei,IMD110-P1319,1999,0.0,0.0,27.6,13.6,329.0,623.0,552.4,338.8,386.2,214.2,6.6,27.2,2518.6,0.0,370.2,1900.4,248.0,1321,,LUNGLEI,
Mizoram,Lunglei,IMD110-P1319,2000,6.8,3.0,109.6,207.0,660.0,509.4,360.8,793.8,349.2,204.6,71.2,0.0,3275.4,9.8,976.6,2013.2,275.8,1321,,LUNGLEI,
Mizoram,Lunglei,IMD110-P1319,2001,0.0,7.8,7.6,51.4,428.8,517.6,379.0,344.4,261.8,245.8,101.6,0.0,2345.8,7.8,487.8,1502.8,347.4,1321,,LUNGLEI,
Mizoram,Lunglei,IMD110-P1319,2002,15.0,0.0,77.2,66.0,447.0,341.0,695.4,352.4,286.0,69.8,86.8,0.0,2436.6,15.0,590.2,1674.8,156.6,1321,,LUNGLEI,
Mizoram,Lunglei,IMD110-P1319,2003,0.0,0.3,46.0,68.8,195.8,878.5,334.3,330.3,303.8,155.5,0.0,15.5,2328.5,0.3,310.5,1846.8,171.0,1321,,LUNGLEI,
Mizoram,Lunglei,IMD110-P1319,2004,0.0,0.0,11.8,236.8,194.0,880.0,627.8,367.8,377.5,130.8,12.5,0.0,2838.8,0.0,442.5,2253.0,143.3,1321,,LUNGLEI,
Mizoram,Lunglei,IMD110-P1319,2005,0.5,0.0,61.6,66.9,167.7,220.4,303.0,447.5,372.6,264.4,10.3,12.9,1927.8,0.5,296.3,1343.4,287.6,1321,,LUNGLEI,
Mizoram,Lunglei,IMD110-P1319,2006,,,0.6,28.0,431.9,579.4,445.3,360.4,301.5,146.1,0.0,0.0,,,460.6,1686.5,146.1,1321,missing_months,LUNGLEI,
Mizoram,Lunglei,IMD110-P1319,2007,,45.3,9.6,188.1,334.6,539.1,559.0,579.3,766.9,182.3,92.0,,,,532.3,2444.3,,1321,missing_months,LUNGLEI,
Mizoram,Lunglei,IMD110-P1319,2008,,,17.2,9.8,144.8,157.0,296.3,445.0,164.7,65.0,0.0,,,,171.7,1063.0,,1321,missing_months,LUNGLEI,
Mizoram,Lunglei,IMD110-P1319,2009,,0.0,24.0,0.0,,368.2,288.8,638.7,416.0,174.4,116.0,,,,,1711.7,,1321,missing_months,LUNGLEI,
Mizoram,Lunglei,IMD110-P1319,2010,0.0,0.3,81.9,80.5,272.0,509.7,438.5,563.2,486.1,338.0,12.0,80.0,2862.3,0.3,434.4,1997.6,430.0,1321,,LUNGLEI,
Mizoram,Mamit,IMD110-P1322,1999,0.0,0.0,63.0,47.7,586.7,253.3,335.0,447.3,346.3,226.0,9.7,2.3,2317.3,0.0,697.3,1382.0,238.0,1322,,MAMIT,
Mizoram,Mamit,IMD110-P1322,2000,23.0,33.3,166.3,261.3,596.8,349.5,189.8,553.5,360.3,277.8,6.5,0.0,2817.8,56.3,1024.3,1453.0,284.3,1322,,MAMIT,
Mizoram,Mamit,IMD110-P1322,2001,0.0,84.3,88.8,123.8,461.5,547.0,368.8,251.3,185.8,263.3,39.8,0.0,2414.0,84.3,674.0,1352.8,303.0,1322,,MAMIT,
Mizoram,Mamit,IMD110-P1322,2002,7.3,1.3,88.5,198.3,701.0,318.0,411.8,509.0,267.8,158.0,51.3,0.5,2712.5,8.5,987.8,1506.5,209.8,1322,,MAMIT,
Mizoram,Mamit,IMD110-P1322,2003,0.5,13.8,119.5,214.0,329.3,589.5,298.0,380.5,471.0,107.8,0.0,74.8,2598.5,14.3,662.8,1739.0,182.5,1322,,MAMIT,
Mizoram,Mamit,IMD110-P1322,2004,0.0,0.0,11.3,429.6,377.8,526.3,631.0,400.7,353.5,125.8,0.0,0.0,2855.8,0.0,818.7,1911.4,125.8,1322,,MAMIT,
Mizoram,Mamit,IMD110-P1322,2005,1.5,12.5,241.6,221.8,339.6,144.6,401.8,191.3,531.0,76.8,13.1,0.0,2175.4,14.0,803.0,1268.6,89.8,1322,,MAMIT,
Mizoram,Mamit,IMD110-P1322,2006,,25.0,,267.7,738.8,579.2,550.6,588.6,203.1,33.3,3.2,0.0,,,,1921.5,36.4,1322,missing_months,MAMIT,
Mizoram,Mamit,IMD110-P1322,2007,90.0,5.9,57.0,400.8,284.6,552.5,282.0,409.3,701.8,246.2,91.2,,,95.9,742.5,1945.7,,1322,missing_months,MAMIT,
Mizoram,Mamit,IMD110-P1322,2008,,,117.0,258.1,291.7,356.1,242.5,546.4,0.0,245.6,0.0,,,,666.9,1145.0,,1322,missing_months,MAMIT,
Mizoram,Mamit,IMD110-P1322,2009,,0.0,,,300.1,,281.3,586.4,506.5,568.0,47.0,,,,,,,1322,missing_months,MAMIT,
Mizoram,Mamit,IMD110-P1322,2010,0.0,14.6,138.2,269.8,489.9,444.9,301.1,523.7,370.4,203.1,6.3,20.0,2781.9,14.6,897.9,1640.0,229.4,1322,,MAMIT,
Mizoram,Saiha,IMD110-P1323,1986,24.0,0.0,0.0,112.0,,354.0,474.0,412.0,358.0,354.0,88.0,0.0,,24.0,,1598.0,442.0,1323,missing_months,SAIHA,
Mizoram,Saiha,IMD110-P1323,1987,17.0,43.0,34.0,149.0,49.0,485.0,494.0,418.0,424.0,233.0,121.0,12.0,2479.0,60.0,232.0,1821.0,366.0,1323,,SAIHA,
Mizoram,Saiha,IMD110-P1323,1988,0.0,11.0,25.0,77.0,281.0,496.0,457.0,430.0,448.0,225.0,45.0,0.0,2495.0,11.0,383.0,1831.0,270.0,1323,,SAIHA,
Mizoram,Saiha,IMD110-P1323,1989,0.0,19.0,19.0,83.0,206.0,273.0,500.0,480.0,455.0,298.0,0.0,0.0,2333.0,19.0,308.0,1708.0,298.0,1323,,SAIHA,
Mizoram,Saiha,IMD110-P1323,1990,0.0,23.0,82.0,211.0,269.0,319.0,354.0,354.0,493.0,62.0,240.0,80.0,2487.0,23.0,562.0,1520.0,382.0,1323,,SAIHA,
Mizoram,Saiha,IMD110-P1323,1991,0.0,0.0,56.0,239.0,688.0,383.0,267.0,379.0,578.0,344.0,12.0,8.0,2954.0,0.0,983.0,1607.0,364.0,1323,,SAIHA,
Mizoram,Saiha,IMD110-P1323,1992,11.0,115.0,3.0,34.0,131.0,438.0,435.0,529.0,149.0,186.0,50.0,0.0,2081.0,126.0,168.0,1551.0,236.0,1323,,SAIHA,
Mizoram,Saiha,IMD110-P1323,1993,8.5,120.5,115.0,28.5,466.5,464.5,418.0,435.5,375.5,189.0,25.0,0.0,2646.5,129.0,610.0,1693.5,214.0,1323,,SAIHA,
Mizoram,Saiha,IMD110-P1323,1994,0.0,36.0,202.0,173.5,180.5,357.5,400.0,336.0,180.0,91.5,37.0,0.0,1994.0,36.0,556.0,1273.5,128.5,1323,,SAIHA,
Mizoram,Saiha,IMD110-P1323,1995,1.0,4.0,12.5,33.5,401.5,387.5,395.5,573.0,325.0,214.5,182.0,0.0,2530.0,5.0,447.5,1681.0,396.5,1323,,SAIHA,
Mizoram,Saiha,IMD110-P1323,1996,0.0,15.0,108.0,98.5,332.0,280.5,254.0,259.0,362.5,226.0,55.0,0.0,1990.5,15.0,538.5,1156.0,281.0,1323,,SAIHA,
Mizoram,Saiha,IMD110-P1323,1997,2.0,3.0,105.5,72.5,165.0,407.5,708.0,217.0,336.0,83.5,18.0,48.0,2166.0,5.0,343.0,1668.5,149.5,1323,,SAIHA,
Mizoram,Saiha,IMD110-P1323,1998,38.5,26.0,68.0,220.5,603.5,370.5,622.0,361.5,398.5,245.0,28.0,0.0,2982.0,64.5,892.0,1752.5,273.0,1323,,SAIHA,
Mizoram,Saiha,IMD110-P1323,1999,0.0,0.0,1.0,45.0,444.0,699.0,520.0,463.0,388.0,320.0,108.0,116.0,3104.0,0.0,490.0,2070.0,544.0,1323,,SAIHA,
Mizoram,Saiha,IMD110-P1323,2000,12.0,11.5,41.5,328.5,804.5,517.5,384.0,650.5,473.5,341.5,80.0,0.0,3645.0,23.5,1174.5,2025.5,421.5,1323,,SAIHA,
Mizoram,Saiha,IMD110-P1323,2001,0.0,0.5,0.5,62.0,440.0,726.5,346.0,464.0,540.0,197.0,70.5,7.0,2854.0,0.5,502.5,2076.5,274.5,1323,,SAIHA,
Mizoram,Saiha,IMD110-P1323,2002,27.0,0.0,41.5,45.5,691.0,592.0,1032.0,393.0,232.0,182.5,86.5,11.0,3334.0,27.0,778.0,2249.0,280.0,1323,,SAIHA,
Mizoram,Saiha,IMD110-P1323,2003,0.0,0.0,21.5,54.0,346.0,822.0,351.0,338.5,391.5,452.5,0.0,12.0,2789.0,0.0,421.5,1903.0,464.5,1323,,SAIHA,
Mizoram,Saiha,IMD110-P1323,2004,0.0,0.0,15.5,,472.5,692.0,659.0,264.0,471.5,111.5,8.0,0.0,,0.0,,2086.5,119.5,1323,missing_months,SAIHA,
Mizoram,Saiha,IMD110-P1323,2005,0.0,0.0,117.0,122.5,179.9,243.5,373.8,508.0,312.3,249.0,85.5,23.0,2214.5,0.0,419.5,1437.6,357.5,1323,,SAIHA,
Mizoram,Saiha,IMD110-P1323,2006,,,,12.5,349.0,690.0,348.5,215.5,128.0,102.5,12.5,0.0,,,,1382.0,115.0,1323,missing_months,SAIHA,
Mizoram,Saiha,IMD110-P1323,2007,,0.0,,182.0,347.0,735.0,680.0,734.3,501.0,189.0,412.0,,,,,2650.3,,1323,missing_months,SAIHA,
Mizoram,Saiha,IMD110-P1323,2008,,,25.0,32.0,422.5,355.7,487.5,353.0,343.5,92.0,59.0,,,,479.5,1539.7,,1323,missing_months,SAIHA,
Mizoram,Saiha,IMD110-P1323,2009,,0.0,17.0,79.0,,528.0,81.0,445.0,247.0,117.0,,,,,,1301.0,,1323,missing_months,SAIHA,
Mizoram,Saiha,IMD110-P1323,2010,0.0,0.0,152.0,44.0,339.0,302.0,385.0,676.6,540.0,346.0,0.0,25.0,2809.6,0.0,535.0,1903.6,371.0,1323,,SAIHA,
Mizoram,Serchhip,IMD110-P1324,1982,,34.0,42.0,174.3,158.5,323.2,511.4,,,,,,,,374.8,,,1324,missing_months,SERCHHIP,
Mizoram,Serchhip,IMD110-P1324,1983,,,,,,,542.8,421.4,240.0,,,,,,,,,1324,missing_months,SERCHHIP,
Mizoram,Serchhip,IMD110-P1324,1984,,,,,,230.6,563.3,,,,,0.0,,,,,,1324,missing_months,SERCHHIP,
Mizoram,Serchhip,IMD110-P1324,1985,,18.4,53.0,192.2,,658.0,362.5,418.5,179.0,151.6,28.4,3.5,,,,1618.0,183.5,1324,missing_months,SERCHHIP,
Mizoram,Serchhip,IMD110-P1324,1986,6.8,3.5,10.1,260.0,115.0,360.0,530.8,495.0,300.0,158.0,174.1,137.0,2550.4,10.3,385.1,1685.8,469.1,1324,,SERCHHIP,
Mizoram,Serchhip,IMD110-P1324,1987,18.0,84.6,115.3,287.3,167.1,421.6,496.0,471.8,452.0,139.2,109.1,15.2,2777.2,102.6,569.7,1841.4,263.5,1324,,SERCHHIP,
Mizoram,Serchhip,IMD110-P1324,1988,0.0,23.0,80.0,99.0,362.0,480.0,490.0,415.9,293.4,341.0,57.8,3.0,2645.1,23.0,541.0,1679.2,401.9,1324,,SERCHHIP,
Mizoram,Serchhip,IMD110-P1324,1989,0.0,22.0,29.0,82.0,184.0,458.0,500.0,460.0,409.0,397.0,19.0,0.0,2560.0,22.0,295.0,1827.0,416.0,1324,,SERCHHIP,
Mizoram,Serchhip,IMD110-P1324,1990,0.0,47.0,260.0,273.0,283.0,343.9,282.0,540.0,442.0,157.0,108.0,81.0,2816.9,47.0,816.0,1607.8,346.0,1324,,SERCHHIP,
Mizoram,Serchhip,IMD110-P1324,1991,17.0,21.0,69.0,277.0,650.0,550.0,339.0,312.0,344.0,232.0,91.0,15.0,2917.0,38.0,996.0,1545.0,338.0,1324,,SERCHHIP,
Mizoram,Serchhip,IMD110-P1324,1992,0.0,71.0,8.0,29.0,283.0,562.0,521.0,406.0,389.0,353.0,78.0,3.0,2703.0,71.0,320.0,1878.0,434.0,1324,,SERCHHIP,
Mizoram,Serchhip,IMD110-P1324,1993,30.0,163.0,94.0,89.0,436.0,512.0,588.0,410.0,453.0,229.0,4.0,0.0,3008.0,193.0,619.0,1963.0,233.0,1324,,SERCHHIP,
Mizoram,Serchhip,IMD110-P1324,1994,0.0,4.0,235.0,188.0,91.0,298.0,339.0,349.0,257.0,57.0,51.0,0.0,1869.0,4.0,514.0,1243.0,108.0,1324,,SERCHHIP,
Mizoram,Serchhip,IMD110-P1324,1995,11.0,1.0,50.0,38.0,438.0,445.0,428.0,547.0,165.0,158.0,243.0,0.0,2524.0,12.0,526.0,1585.0,401.0,1324,,SERCHHIP,
Mizoram,Serchhip,IMD110-P1324,1996,12.0,16.9,220.2,74.0,434.0,310.0,459.5,389.0,524.0,186.7,48.5,30.0,2704.8,28.9,728.2,1682.4,265.2,1324,,SERCHHIP,
Mizoram,Serchhip,IMD110-P1324,1997,2.0,4.0,256.0,43.0,204.0,407.0,703.0,270.0,485.0,154.0,58.0,58.0,2644.0,6.0,503.0,1865.0,270.0,1324,,SERCHHIP,
Mizoram,Serchhip,IMD110-P1324,1998,42.3,50.8,143.0,88.0,518.0,264.6,469.0,456.8,204.7,83.3,10.9,0.0,2331.4,93.1,749.0,1395.2,94.2,1324,,SERCHHIP,
Mizoram,Serchhip,IMD110-P1324,1999,0.0,0.0,60.7,24.3,277.0,515.5,471.8,320.2,298.9,149.4,22.5,32.0,2172.2,0.0,361.9,1606.4,203.9,1324,,SERCHHIP,
Mizoram,Serchhip,IMD110-P1324,2000,10.5,12.0,170.5,221.5,419.2,289.5,199.9,560.7,316.5,186.3,111.0,0.0,2497.6,22.5,811.2,1366.6,297.3,1324,,SERCHHIP,
Mizoram,Serchhip,IMD110-P1324,2001,0.0,26.2,23.7,80.3,281.7,434.3,255.9,323.7,192.5,269.0,138.7,0.0,2025.9,26.2,385.7,1206.4,407.7,1324,,SERCHHIP,
Mizoram,Serchhip,IMD110-P1324,2002,21.0,0.0,82.3,109.3,667.7,304.0,496.7,320.3,202.3,47.3,94.7,0.0,2345.7,21.0,859.3,1323.3,142.0,1324,,SERCHHIP,
Mizoram,Serchhip,IMD110-P1324,2003,0.0,3.3,85.7,145.3,285.0,1039.0,223.0,284.0,373.0,167.3,29.0,17.0,2651.7,3.3,516.0,1919.0,213.3,1324,,SERCHHIP,
Mizoram,Serchhip,IMD110-P1324,2004,0.0,0.0,8.3,295.3,195.7,543.3,712.3,268.7,372.3,129.0,0.0,0.0,2525.0,0.0,499.3,1896.7,129.0,1324,,SERCHHIP,
Mizoram,Serchhip,IMD110-P1324,2005,0.0,0.0,93.4,77.0,236.6,150.5,165.3,257.6,245.3,161.1,3.0,5.1,1394.8,0.0,407.0,818.7,169.1,1324,,SERCHHIP,
Mizoram,Serchhip,IMD110-P1324,2006,,,,46.3,396.0,521.5,288.0,206.6,164.0,117.5,0.0,0.0,,,,1180.1,117.5,1324,missing_months,SERCHHIP,
Mizoram,Serchhip,IMD110-P1324,2007,,30.5,11.0,199.0,396.0,593.0,492.5,395.0,536.5,264.0,119.3,,,,606.0,2017.1,,1324,missing_months,SERCHHIP,
Mizoram,Serchhip,IMD110-P1324,2008,,,22.5,12.5,268.5,293.5,413.8,444.0,362.4,146.9,21.5,,,,303.5,1513.7,,1324,missing_months,SERCHHIP,
Mizoram,Serchhip,IMD110-P1324,2009,,0.0,22.7,,147.0,258.4,,420.4,120.4,,,,,,,,,1324,missing_months,SERCHHIP,
Mizoram,Serchhip,IMD110-P1324,2010,0.0,0.0,77.2,100.6,365.9,445.0,337.4,429.0,443.0,227.0,6.0,63.0,2494.1,0.0,543.7,1654.4,296.0,1324,,SERCHHIP,
