id,product,record_kind,category,priority,evidence_level,processing_state,access_class,target_record_family,spatial_scope,temporal_scope,fields_and_units,first_processing_task,known_limitations,supports_questions,upstream_source_ids,access_url,documentation_url,usage_terms,last_evidence_date,production_readiness,selection,user_review,owner,evidence_files
S01,IMD Current Weather,data_product,observation,later,access_blocked,sample_missing,authentication_required_in_test,observation,Station; Ahmedabad station coverage not sampled,Observation timestamps documented as UTC; actual cadence unmeasured,Unverified unless specified in documented/observed metadata.,"Resolve authorised access, then save and inspect a representative payload. Keep public website services as separate sources.",,Q01 ; Q12 ; Q16,,https://api.imd.gov.in/api/v1/current_wx,https://api.imd.gov.in/public/api_reference.html,Not established for production redistribution,2026-09-12,not_validated,proposed; no production source selected,pending,,research/discovery/evidence/20260911T153818096820Z/manifest.json ; research/discovery/evidence/20260911T153818096820Z/imd-current.response ; research/discovery/evidence/api-reference.html ; research/discovery/evidence/recheck-20260911T185811Z/S01.response ; research/discovery/evidence/recheck-20260911T185811Z/manifest.json
S02,IMD City Forecast,data_product,forecast,later,access_blocked,sample_missing,authentication_required_in_test,forecast,City/station,Documented 7-day daily forecast; no payload,Unverified unless specified in documented/observed metadata.,"Resolve authorised access, then save and inspect a representative payload. Keep public website services as separate sources.",,Q02 ; Q07 ; Q17,,https://api.imd.gov.in/api/v1/cityforecast,https://api.imd.gov.in/public/api_reference.html,Not established for production redistribution,2026-09-12,not_validated,proposed; no production source selected,pending,,research/discovery/evidence/20260911T153818096820Z/manifest.json ; research/discovery/evidence/20260911T153818096820Z/imd-city-forecast.response ; research/discovery/evidence/api-reference.html ; research/discovery/evidence/recheck-20260911T185811Z/S02.response ; research/discovery/evidence/recheck-20260911T185811Z/manifest.json
S03,IMD District Nowcast,data_product,nowcast,later,access_blocked,sample_missing,authentication_required_in_test,warning,District,Nowcast issue and validity fields documented; time conventions not validated,Unverified unless specified in documented/observed metadata.,"Resolve authorised access, then save and inspect a representative payload. Keep public website services as separate sources.",,Q03 ; Q08 ; Q09,,https://api.imd.gov.in/api/v1/districtnowcast,https://api.imd.gov.in/public/api_reference.html,Not established for production redistribution,2026-09-11,not_validated,proposed; no production source selected,pending,,research/discovery/evidence/20260911T153818096820Z/manifest.json ; research/discovery/evidence/20260911T153818096820Z/imd-nowcast.response ; research/discovery/evidence/api-reference.html ; research/discovery/evidence/recheck-20260911T185811Z/imd-reference.response ; data/reference/imd-code-namespaces.json
S04,IMD District Warning,data_product,warning,later,access_blocked,sample_missing,authentication_required_in_test,warning,District,Five day-labelled fields documented; exact day boundaries unresolved,Unverified unless specified in documented/observed metadata.,"Resolve authorised access, then save and inspect a representative payload. Keep public website services as separate sources.",,Q03 ; Q08 ; Q09,,https://api.imd.gov.in/api/v1/districtwarning,https://api.imd.gov.in/public/api_reference.html,Not established for production redistribution,2026-09-11,not_validated,proposed; no production source selected,pending,,research/discovery/evidence/20260911T153818096820Z/manifest.json ; research/discovery/evidence/20260911T153818096820Z/imd-warning.response ; research/discovery/evidence/api-reference.html ; research/discovery/evidence/recheck-20260911T185811Z/imd-reference.response ; data/reference/imd-code-namespaces.json
S05,IMD City Forecast Mapping,data_product,mapping,later,access_blocked,sample_missing,authentication_required_in_test,geography,City/station identifiers; schema not sampled,See documented/observed metadata; retrieval date is not weather validity.,Unverified unless specified in documented/observed metadata.,"Resolve authorised access, then save and inspect a representative payload. Keep public website services as separate sources.",,Q01 ; Q02 ; Q03,,https://api.imd.gov.in/api/v1/cityforecast_mapping,https://api.imd.gov.in/public/api_reference.html,Not established for production redistribution,2026-09-11,not_validated,proposed; no production source selected,pending,,research/discovery/evidence/20260911T153818096820Z/manifest.json ; research/discovery/evidence/20260911T153818096820Z/imd-city-mapping.response ; research/discovery/evidence/api-reference.html
S06,IMD-linked CAP RSS,data_product,alert_feed,next,sample_inspected,sample_ready_for_processing,public_sample_obtained,warning,National feed; Ahmedabad applicability unestablished,See documented/observed metadata; retrieval date is not weather validity.,RSS entries; parse linked CAP messages separately if obtainable,"Preserve identifiers and references; collect active, updated, cancelled and expired examples before enabling alert lifecycle logic.",Nine feed items is not evidence of complete national alert coverage. ; Feed absence cannot mean no warning or cancellation.,Q03 ; Q08 ; Q09,,https://cap-sources.s3.amazonaws.com/in-imd-en/rss.xml,https://cap-sources.s3.amazonaws.com/in-imd-en/rss.xml,Not established for production redistribution,2026-09-12,not_validated,proposed; no production source selected,pending,,research/discovery/evidence/20260911T153818096820Z/manifest.json ; research/discovery/evidence/20260911T153818096820Z/imd-cap-rss.response ; research/discovery/evidence/recheck-20260911T185811Z/S06.response ; research/discovery/evidence/recheck-20260911T185811Z/manifest.json ; research/discovery/evidence/recheck-20260911T185811Z/payload-checks.json ; data/processed/foundation/20260911T194849Z/cap-messages.json ; data/runtime/blobs/acb3456e7acb7f0e21de80da03c6d6ee9b1d7dde0384206cccc89cd297eed391.bin ; data/runtime/blobs/5c04db0de6de0b8f562b7ba37d2cc8ffe46d894858c1f1d2354709c8c862c7c8.bin ; data/runtime/blobs/ff28ff1011b0344488db70a193ff0ab6d86fe16c09c6c2f47dc793b1fc2d4958.bin ; data/runtime/blobs/c5066d5c2fb6ee002c17212bd22ce02b43bd31baa9118d08365f5b48dd5396cd.bin ; data/runtime/blobs/24e302167e261f53854e7e31c8ff66bfa178507f4e8b055ff7067f9e740f24e3.bin ; data/runtime/blobs/449ad0b821a6c2dcbaf256962ea775c553c1d0284f226efeb64b9d3de51dbb34.bin ; data/runtime/blobs/8b165e577dc7f0f0f77906412e271c62a11910e8020f2b2f1782165b8ed933b9.bin ; data/runtime/blobs/479f58bf07dd627a1c6cc68c422daaf0c682823aa3c6122627b577b375dc242d.bin ; data/runtime/blobs/2ced79b3396100d4bdf55401fca92193c2a8a99913ad62a01b986c7c2dfb103b.bin ; data/runtime/blobs/2ebb682f2306815b36d6a1276b20bee0e2367046f8042ea5b2a71a8ab30226fb.bin
S07,"Gujarat composite agromet bulletin, issue 70/2026",data_product,guidance,first,sample_inspected,sample_ready_for_processing,public_sample_obtained,advisory,Gujarat bulletin; AMFU Arnej/Ahmedabad section starts physical page 62,Issue 70/2026 dated 2026-09-09; section validity must be extracted,"Crop, stage, conditions, guidance and weather tables; preserve original units","Extract Ahmedabad pages with inherited headings, crop/stage and page citations; manually reconcile the passage and validity.","PDF metadata title says Maharashtra while printed content is Gujarat. Use body and issuer, not title alone. ; Source link can be overwritten; archive each retrieval hash.",Q04 ; Q05 ; Q06 ; Q14,,https://mausam.imd.gov.in/ahmedabad/mcdata/agromet.pdf,https://mausam.imd.gov.in/ahmedabad/mcdata/agromet.pdf,Not established for production redistribution,2026-09-11,not_validated,proposed; no production source selected,pending,,research/discovery/evidence/20260911T153818096820Z/bulletin-manifest.json ; research/discovery/evidence/20260911T153818096820Z/gujarat-agromet.pdf
S08,Gujarat district forecast and warnings bulletin,data_product,forecast_warning_bulletin,first,sample_inspected,sample_ready_for_processing,public_sample_obtained,forecast_warning_bulletin,Gujarat district rows; Ahmedabad physical page 2,Issued 2026-09-11 12:00 IST; dates 11–17 September,"Daily district forecast and warning table, with date header on physical page 1",Join page 1 date header to page 2 Ahmedabad row and reconcile every extracted cell with the rendered PDF.,Daily wording does not resolve an hourly forecast question.,Q02 ; Q03 ; Q08 ; Q17,,https://mausam.imd.gov.in/ahmedabad/mcdata/district.pdf,https://mausam.imd.gov.in/ahmedabad/mcdata/district.pdf,Not established for production redistribution,2026-09-11,not_validated,proposed; no production source selected,pending,,research/discovery/evidence/20260911T153818096820Z/bulletin-manifest.json ; research/discovery/evidence/20260911T153818096820Z/gujarat-district-forecast.pdf
S09,IMD crop-specific advisory web interface,data_product,guidance_catalog,later,catalogue_or_page_inspected,sample_missing,catalogue_or_unselected,advisory,District/crop selector; selected Ahmedabad payload not inspected,Default page displayed 2026-07-31; not proof that every district product is stale,Unverified unless specified in documented/observed metadata.,Inspect the selected Ahmedabad/crop result and its issue/validity date.,,Q04 ; Q05 ; Q14,,https://imdagrimet.gov.in/cropAdvisory_3.php,https://imdagrimet.gov.in/cropAdvisory_3.php,Not established for production redistribution,2026-09-11,not_validated,proposed; no production source selected,pending,,research/discovery/evidence/20260911T153818096820Z/imd-agromet-crop.response ; research/discovery/evidence/20260911T153818096820Z/manifest.json
S10,Ahmedabad city forecast link on IMD regional homepage,identity_evidence,mapping_evidence,later,catalogue_or_page_inspected,sample_missing,catalogue_or_unselected,geography,Ahmedabad regional homepage links city ID 42647,See documented/observed metadata; retrieval date is not weather validity.,Unverified unless specified in documented/observed metadata.,Cross-reference S20 without treating this city ID as a district or LGD ID.,,Q01 ; Q02 ; Q03,,https://mausam.imd.gov.in/ahmedabad/,https://mausam.imd.gov.in/ahmedabad/,Not established for production redistribution,2026-09-11,not_validated,proposed; no production source selected,pending,,research/discovery/evidence/20260911T153818096820Z/imd-ahmedabad.response ; research/discovery/evidence/20260911T153818096820Z/manifest.json
S11,IMD 0.25 degree daily gridded rainfall catalogue,data_product,historical,later,catalogue_or_page_inspected,sample_missing,catalogue_or_unselected,historical_grid,India 0.25-degree grid catalogue; actual grid file not inspected,See documented/observed metadata; retrieval date is not weather validity.,"Daily rainfall; units, calendar, missingness and grid metadata await file inspection",Download a small permitted representative NetCDF subset/file and inspect metadata before analysis.,Earlier catalogue description/year selector differed; establish coverage from the actual file.,Q10 ; Q11 ; Q13,,https://www.imdpune.gov.in/cmpg/Griddata/Rainfall_25_NetCDF.html,https://www.imdpune.gov.in/cmpg/Griddata/Rainfall_25_NetCDF.html,Not established for production redistribution,2026-09-12,not_validated,proposed; no production source selected,pending,,research/evidence/imd_gridded_rainfall_catalog.html ; research/discovery/evidence/recheck-20260911T185811Z/manifest.json
S12,NOAA GFS numerical forecast output,data_product,nwp,later,lead,sample_missing,catalogue_or_unselected,forecast,Global NWP; exact distribution/grid/level not selected,See documented/observed metadata; retrieval date is not weather validity.,Unverified unless specified in documented/observed metadata.,"Select a NOMADS GRIB2 subset with cycle, lead time, parameter, level, grid and accumulation interval.",,Q02 ; Q07 ; Q12 ; Q18,,https://www.ncei.noaa.gov/products/weather-climate-models/global-forecast,https://www.ncei.noaa.gov/products/weather-climate-models/global-forecast,Not established for production redistribution,2026-09-11,not_validated,proposed; no production source selected,pending,,
S13,ERA5 hourly single-level reanalysis,data_product,reanalysis,later,lead,sample_missing,catalogue_or_unselected,reanalysis,ERA5 single-level gridded data; direct file not sampled,See documented/observed metadata; retrieval date is not weather validity.,Unverified unless specified in documented/observed metadata.,"Obtain a permitted CDS subset, preserving request, dataset version, calendar and accumulation semantics.",,Q10 ; Q11 ; Q13,,https://cds.climate.copernicus.eu/datasets/reanalysis-era5-single-levels?tab=overview,https://cds.climate.copernicus.eu/datasets/reanalysis-era5-single-levels?tab=overview,Not established for production redistribution,2026-09-11,not_validated,proposed; no production source selected,pending,,
S14,Ahmedabad district/village boundaries and gazetteer,capability_gap,mapping,first,lead,source_missing,catalogue_or_unselected,geography,Unresolved; do not assume national operational coverage.,See documented/observed metadata; retrieval date is not weather validity.,Unverified unless specified in documented/observed metadata.,"Select versioned authoritative geometry and create an explicit crosswalk between village/district, warning polygon, station and grid.",,Q01 ; Q03 ; Q08 ; Q10 ; Q15,,,,Not established for production redistribution,2026-09-11,not_validated,proposed; no production source selected,pending,,
S15,IMD public warning-map WFS,data_product,warning,first,sample_inspected,sample_ready_for_processing,public_sample_obtained,warning,"Sample AHMADABAD polygon, Obj_id 273; boundary version unknown",11 September 2026 sample with issue/update and five day-labelled warning fields,"Coded hazards/colours, district attributes and MultiPolygon geometry","Verify official code meanings, valid day intervals and polygon validity; test location containment and revisions.","HTTP 200 is not a supported API commitment. ; Auxiliary coordinate fields are unsuitable as a district centroid. ; Obj_id 273 is a source ID, not an established LGD crosswalk.",Q03 ; Q08 ; Q09,,https://reactjs.imd.gov.in/geoserver/wfs?service=WFS&version=1.1.0&request=GetFeature&typename=imd%3Adistrict_warnings_india&srsname=EPSG%3A4326&outputFormat=application%2Fjson&maxFeatures=1&CQL_FILTER=District+ILIKE+%27%25AHM%25%27,https://mausam.imd.gov.in/responsive/districtWiseWarningGIS.php,Production integration and redistribution terms not established in this sample test,2026-09-12,not_validated,proposed; no production source selected,pending,,research/discovery/evidence/imd-live-20260911T160337Z/imd-ahmedabad-warning.response ; research/discovery/broad-sample-audit.json ; research/discovery/evidence/broad-20260911T160113Z/imd-warning-map.response ; research/discovery/evidence/imd-live-20260911T160337Z/manifest.json ; research/discovery/evidence/broad-20260911T160113Z/manifest.json ; research/discovery/evidence/recheck-20260911T185811Z/S15.response ; research/discovery/evidence/recheck-20260911T185811Z/manifest.json ; research/discovery/evidence/recheck-20260911T185811Z/payload-checks.json ; research/discovery/evidence/recheck-20260911T185811Z/imd-reference.response ; data/reference/imd-code-namespaces.json ; data/processed/foundation/20260911T194849Z/national-warning-snapshot.json ; data/runtime/blobs/d7501bfb4ae0586e280f15788aceb93ba2b8c42ed57ee4181f4943001b6930a5.bin
S16,IMD Mausamgram public forecast data,data_product,forecast,first,sample_inspected,sample_ready_for_processing,public_sample_obtained,forecast,"Sample grid 23.000 N, 72.500 E; website applies floor-to-0.125-degree transformation",Sample cycle 2026-09-11 00 UTC; 41 positions at 3-hour leads 0–120,"15 arrays: rh, ghi, apcp, gust, tcdc, temp, wdir, wspd, temp_bc and wind at 80/100/120 m; units need verified field dictionary","Parse aligned arrays and string NaN; verify valid-time construction, units, rainfall interval and model lineage against page code/documentation.","Unsnapped-coordinate request returned HTTP 200 with no-data error. ; Model lineage, rainfall accumulation and interface support remain unresolved.",Q02 ; Q05 ; Q07 ; Q18,,https://mausamgram.imd.gov.in/test4_mme.php?lat_gfs=23.000&lon_gfs=72.500&date=2026091100_3hr_0p125,https://mausamgram.imd.gov.in/,Production integration and redistribution terms not established in this sample test,2026-09-11,not_validated,proposed; no production source selected,pending,,research/discovery/evidence/imd-grid-20260911T160416Z/imd-mausamgram-grid.response ; research/discovery/broad-sample-audit.json ; research/discovery/evidence/mausamgram-20260911T160131Z/homepage.response ; research/discovery/evidence/numeric-20260911T160221Z/imd-mausamgram-run.response ; research/discovery/evidence/imd-context-20260911T160450Z/imd-chart-code.response ; research/discovery/evidence/imd-live-20260911T160337Z/imd-mausamgram-3hr.response ; research/discovery/evidence/imd-grid-20260911T160416Z/manifest.json ; research/discovery/evidence/mausamgram-20260911T160131Z/manifest.json ; research/discovery/evidence/numeric-20260911T160221Z/manifest.json ; research/discovery/evidence/imd-context-20260911T160450Z/manifest.json ; research/discovery/evidence/imd-live-20260911T160337Z/manifest.json ; research/discovery/evidence/recheck-20260911T185811Z/imd-run.response ; research/discovery/evidence/recheck-20260911T185811Z/manifest.json
S17,IMD Mausamgram public temperature variants,data_product,forecast,optional,sample_inspected,sample_ready_for_processing,public_sample_obtained,forecast,"Sample grid 23.000 N, 72.500 E",Cycle 2026-09-11 00 UTC; lead 0–120 hours every 3 hours,"temp_bc_realtime, fcsttemp, fcsttemp_bc_p5days plus rtma fields; variants stay distinct","Preserve forecast variant names, time axes and missingness; distinguish RTMA analysis from station observation.",No evidence that one temperature variant is more accurate. ; RTMA-like analysis values are not station observations.,Q02 ; Q07 ; Q17,,https://mausamgram.imd.gov.in/rtbc_proxy.php?lat=23.000&lon=72.500&date=20260911&fcst_ic_utc=00,https://mausamgram.imd.gov.in/,Production integration and redistribution terms not established in this sample test,2026-09-11,not_validated,proposed; no production source selected,pending,,research/discovery/evidence/imd-context-20260911T160450Z/imd-temperature-bc.response ; research/discovery/broad-sample-audit.json ; research/discovery/evidence/imd-context-20260911T160450Z/imd-chart-code.response ; research/discovery/evidence/imd-context-20260911T160450Z/manifest.json
S18,NOAA AWC VAAH METAR dissemination,data_product,observation,first,sample_inspected,sample_ready_for_processing,public_sample_obtained,observation,"VAAH airport station, not the entire Ahmedabad district",Five reports obtained in a requested three-hour window on 11 September,METAR raw and decoded fields; inspect each native unit before conversion,"Normalise observation time and native units; retain raw report, amendments and missing values.",AWC disseminates the report; provider and original issuing station must be distinct.,Q01 ; Q12 ; Q21,S20,https://aviationweather.gov/api/data/metar?ids=VAAH&format=json&hours=3,https://aviationweather.gov/data/api/,Production integration and redistribution terms not established in this sample test,2026-09-12,not_validated,proposed; no production source selected,pending,,research/discovery/evidence/broad-20260911T160113Z/awc-metar.response ; research/discovery/broad-sample-audit.json ; research/discovery/evidence/broad-20260911T160113Z/manifest.json ; research/discovery/evidence/recheck-20260911T185811Z/S18.response ; research/discovery/evidence/recheck-20260911T185811Z/manifest.json ; research/discovery/evidence/recheck-20260911T185811Z/payload-checks.json ; data/processed/foundation/20260911T194849Z/aviation-metar.json ; data/runtime/blobs/c22bc6b3d7afb2866bd7793684f7a5086ec4677b10c9285a263e64b687bc7a73.bin
S19,NOAA AWC VAAH TAF dissemination,data_product,forecast,next,sample_inspected,sample_ready_for_processing,public_sample_obtained,forecast,VAAH terminal forecast,One TAF with three forecast segments sampled,TAF raw/decoded forecast segments and change groups,"Preserve issue time, validity, segment intervals and change-group semantics.",Not a complete aviation briefing or district-wide forecast.,Q02 ; Q07 ; Q21,S20,https://aviationweather.gov/api/data/taf?ids=VAAH&format=json,https://aviationweather.gov/data/api/,Production integration and redistribution terms not established in this sample test,2026-09-12,not_validated,proposed; no production source selected,pending,,research/discovery/evidence/broad-20260911T160113Z/awc-taf.response ; research/discovery/broad-sample-audit.json ; research/discovery/evidence/broad-20260911T160113Z/manifest.json ; data/processed/foundation/20260911T194849Z/aviation-taf.json ; data/runtime/blobs/84e7ee7f633c529f9a22857cc4e54a0772330f64c769f8aa3c690cec9b54c26e.bin
S20,NOAA AWC airport station metadata,data_product,mapping,first,sample_inspected,sample_ready_for_processing,public_sample_obtained,geography,"VAAH / WMO 42647, latitude 23.077, longitude 72.635; station elevation 52 m in sample",See documented/observed metadata; retrieval date is not weather validity.,"Station IDs, name, coordinates, elevation",Create the station identity record with source-specific IDs; retain city and district as separate entities.,,Q01 ; Q15 ; Q21,,https://aviationweather.gov/api/data/stationinfo?ids=VAAH&format=json,https://aviationweather.gov/data/api/,Production integration and redistribution terms not established in this sample test,2026-09-12,not_validated,proposed; no production source selected,pending,,research/discovery/evidence/broad-20260911T160113Z/awc-station.response ; research/discovery/broad-sample-audit.json ; research/discovery/evidence/broad-20260911T160113Z/manifest.json ; research/discovery/evidence/recheck-20260911T185811Z/S20.response ; research/discovery/evidence/recheck-20260911T185811Z/manifest.json ; research/discovery/evidence/recheck-20260911T185811Z/payload-checks.json ; data/processed/foundation/20260911T194849Z/aviation-stationinfo.json ; data/runtime/blobs/ec46f4110f08e812da0d446a31d431906593b8e441489237b6ec10c94dcb755e.bin
S21,Open-Meteo GFS forecast delivery,data_product,nwp,first,sample_inspected,sample_ready_for_processing,public_sample_obtained,forecast,"Requested city point 23.02579,72.58727; returned grid 23.019852,72.53906","72 hourly records, 11–13 September 2026; Asia/Kolkata",temperature_2m °C; relative_humidity_2m %; precipitation mm; wind_speed_10m km/h,"Preserve requested and returned points, provider/model and intervals; validate precipitation semantics and record absent run identity.",Served GFS and direct GFS are not independent model votes. ; Exact forecast run identity absent in sampled response.,Q02 ; Q07 ; Q18,S12,"https://api.open-meteo.com/v1/gfs?latitude=23.02579&longitude=72.58727&hourly=temperature_2m,relative_humidity_2m,precipitation,wind_speed_10m&forecast_days=3&timezone=Asia%2FKolkata",https://open-meteo.com/en/docs/gfs-api,"Hosted free tier for non-commercial prototyping, subject to limits; data attribution required; review product-specific upstream and commercial terms",2026-09-12,not_validated,proposed; no production source selected,pending,,research/discovery/evidence/numeric-20260911T160221Z/openmeteo-gfs.response ; research/discovery/broad-sample-audit.json ; research/discovery/evidence/numeric-20260911T160221Z/manifest.json ; research/discovery/evidence/recheck-20260911T185811Z/S21.response ; research/discovery/evidence/recheck-20260911T185811Z/manifest.json ; research/discovery/evidence/recheck-20260911T185811Z/payload-checks.json ; data/processed/foundation/20260911T194849Z/forecast-mumbai.json ; data/runtime/blobs/d5fe3212057abd3d68a677ca6b6372d2799358c091a3c756654214604b4105f4.bin ; data/processed/foundation/20260911T194849Z/forecast-ahmedabad.json ; data/runtime/blobs/ccfb46b4c954cb12be2758e55bb71b9be5733d23ef9f3508a12f47a92556ad72.bin ; data/processed/foundation/20260911T194849Z/forecast-delhi.json ; data/runtime/blobs/6fdb3bde42b3219cc5efd22625a8cfa85c5ece095a95a95067db374401dd40d5.bin ; data/processed/foundation/20260911T194849Z/forecast-srinagar.json ; data/runtime/blobs/d7d1c10dcb00c6db73106382c59541ba6a98cb730adb27b47878797050e80687.bin ; data/processed/foundation/20260911T194849Z/forecast-guwahati.json ; data/runtime/blobs/c26a0903d69bff9b81329b2b22eaacfcd9a22f71107c9e13535d654a3696f277.bin ; data/processed/foundation/20260911T194849Z/forecast-chennai.json ; data/runtime/blobs/9ccf745080071bc3ec3bf5dfe87b45d06a287114444a2059a45cc9d6a280e838.bin
S22,Open-Meteo ERA5 historical delivery,data_product,reanalysis,next,sample_inspected,sample_ready_for_processing,public_sample_obtained,reanalysis,"Returned sample grid 23.0,72.5","Seven local calendar days, 1–7 July 2025, Asia/Kolkata",Daily precipitation sum mm; daily maximum/minimum temperature °C,"Preserve model selection, day timezone, grid and aggregation; do not compare to UTC daily data without harmonisation.",An Open-Meteo sample does not establish direct CDS access or long-period completeness. ; Reanalysis is not an archived pre-event forecast.,Q10 ; Q11 ; Q13,S13,"https://archive-api.open-meteo.com/v1/archive?latitude=23.02579&longitude=72.58727&start_date=2025-07-01&end_date=2025-07-07&daily=precipitation_sum,temperature_2m_max,temperature_2m_min&models=era5&timezone=Asia%2FKolkata",https://open-meteo.com/en/docs/historical-weather-api,"Hosted free tier for non-commercial prototyping, subject to limits; data attribution required; review product-specific upstream and commercial terms",2026-09-12,not_validated,proposed; no production source selected,pending,,research/discovery/evidence/numeric-20260911T160221Z/openmeteo-era5.response ; research/discovery/broad-sample-audit.json ; research/discovery/evidence/numeric-20260911T160221Z/manifest.json ; data/processed/foundation/20260911T194849Z/history-ahmedabad.json ; data/runtime/blobs/4714bf17589474f1714777338677b9864c0f6dddc79f2e8d6fbb74650a2fff42.bin
S23,NASA POWER daily point delivery,data_product,reanalysis,next,sample_inspected,sample_ready_for_processing,public_sample_obtained,reanalysis,Point request with MERRA2 lineage; representative grid metadata must be preserved,"Seven UTC days, 1–7 July 2025",T2M °C; PRECTOTCORR mm/day; fill value -999,Map -999 to missing with original token retained; preserve UTC day and parameter definitions.,UTC day differs from S22 local day. ; Model-derived point output is not a local rain gauge measurement.,Q10 ; Q11 ; Q13,,"https://power.larc.nasa.gov/api/temporal/daily/point?parameters=T2M,PRECTOTCORR&community=AG&longitude=72.58727&latitude=23.02579&start=20250701&end=20250707&format=JSON&time-standard=UTC",https://power.larc.nasa.gov/docs/services/api/temporal/daily/,Production integration and redistribution terms not established in this sample test,2026-09-11,not_validated,proposed; no production source selected,pending,,research/discovery/evidence/numeric-20260911T160221Z/nasa-power-daily.response ; research/discovery/broad-sample-audit.json ; research/discovery/evidence/numeric-20260911T160221Z/manifest.json
S24,Open-Meteo GeoNames place search,data_product,mapping,first,sample_inspected,sample_ready_for_processing,public_sample_obtained,geography,"Three Ahmedabad alternatives in India and Pakistan; place points, not boundaries",See documented/observed metadata; retrieval date is not weather validity.,"GeoNames-linked identity, country/admin labels, coordinates, timezone",Require country/state disambiguation; record selected place separately from station/grid/district.,Place IDs are not official LGD IDs.,Q01 ; Q15,,https://geocoding-api.open-meteo.com/v1/search?name=Ahmedabad&count=3&language=en&format=json,https://open-meteo.com/en/docs/geocoding-api,"Hosted free tier for non-commercial prototyping, subject to limits; data attribution required; review product-specific upstream and commercial terms",2026-09-12,not_validated,proposed; no production source selected,pending,,research/discovery/evidence/broad-20260911T160113Z/openmeteo-geocode.response ; research/discovery/broad-sample-audit.json ; research/discovery/evidence/broad-20260911T160113Z/manifest.json ; data/processed/foundation/20260911T194849Z/place-ahmedabad.json ; data/runtime/blobs/685e84c92f03f83f3973dab54a09b38a0af79c3e459d201603f71b7a2d72eb7a.bin
S25,IMD All India historical rainfall table (supplied CSV),data_product,historical,first,sample_inspected,processed_snapshot,local_file_available,climate_aggregate,All India aggregate; cannot represent Ahmedabad,"1901–2024; 124 annual rows, monthly/seasonal/annual measures",Rainfall mm; 17 measures per year,Completed v1 normalisation and exact source-cell round-trip; expose a structured query adapter and preserve period/geography limits.,"Source numeric comparison passed for 2,108 values; structural consistency is not scientific homogeneity. ; Published totals sometimes differ from monthly sums; preserve both and flag, never silently repair. ; Monthly data cannot support daily dry-spell questions.",Q10 ; Q13,,https://dsp.imdpune.gov.in/home_ogd_rainfall.php,https://dsp.imdpune.gov.in/home_ogd_rainfall.php,Redistribution and product integration terms not established; no licence inferred from public availability.,2026-09-12,not_validated,proposed; no production source selected,pending,,research/discovery/evidence/pasted-climate-check/rainfall.csv ; research/discovery/evidence/pasted-climate-check/rainfall-selected.html ; research/discovery/evidence/pasted-climate-check/source-comparison.json ; research/discovery/evidence/pasted-climate-check/audit-results.json ; research/discovery/national-climate-audit.ipynb
S26,IMD All India historical mean temperature table (supplied CSV),data_product,historical,first,sample_inspected,processed_snapshot,local_file_available,climate_aggregate,All India aggregate; cannot represent Ahmedabad,"1901–2024; 124 annual rows, monthly/seasonal/annual measures",Mean temperature °C; 17 measures per year,Completed v1 normalisation and exact source-cell round-trip; expose a structured query adapter and preserve period/geography limits.,"2,108 numeric values matched saved official table. ; Do not sum temperatures or assume an unweighted mean reproduces published annual values. ; No local temperature or heatwave-event history established.",Q10 ; Q13,,https://dsp.imdpune.gov.in/home_ogd_temp.php,https://dsp.imdpune.gov.in/home_ogd_temp.php,Redistribution and product integration terms not established; no licence inferred from public availability.,2026-09-12,not_validated,proposed; no production source selected,pending,,research/discovery/evidence/pasted-climate-check/temperature.csv ; research/discovery/evidence/pasted-climate-check/temperature-selected.html ; research/discovery/evidence/pasted-climate-check/source-comparison.json ; research/discovery/evidence/pasted-climate-check/audit-results.json ; research/discovery/national-climate-audit.ipynb
S27,Supplied district historical rainfall collection (32 CSVs),data_product,historical,first,sample_inspected,processed_snapshot,local_file_available,climate_aggregate,640 historical district series in 32 files; boundary vintage unresolved,"1901–2010 overall, uneven per series; Ahmedabad has 110 complete monthly years","Monthly, seasonal and annual rainfall mm, series IDs, page references and quality flags","Local historical index and full source transcription audit complete; resolve reuse, missingness, source inconsistencies and historical geography gates before broader use.","60,568 rows; 5,018 rows have missing months, 15,817 missing monthly cells. ; Kendrapada 1920 has annual and OND discrepancies of 12.5 mm beyond rounding bounds. ; Do not map historical district names automatically to modern boundaries. ; 1981–2010 baseline is covered for Ahmedabad; 1991–2020 is not. ; All 640 historical series and 1,029,656 cells including blanks matched the original PDF in the extensive 12 September audit; transcription agreement does not establish scientific accuracy, current boundaries or reuse rights.",Q10 ; Q13,,https://imdpune.gov.in/library/public/e-book110.pdf,https://imdpune.gov.in/library/public/e-book110.pdf,"Original IMD publication page 3 restricts copying, storage, transmission and redistribution without prior permission; local research checkpoint only, release permission unresolved.",2026-09-12,not_validated,proposed; no production source selected,pending,,data/raw/imports/2026-09-11/states/andhra_pradesh.csv ; data/raw/imports/2026-09-11/states/arunachal_pradesh.csv ; data/raw/imports/2026-09-11/states/assam.csv ; data/raw/imports/2026-09-11/states/bihar.csv ; data/raw/imports/2026-09-11/states/chhattisgarh.csv ; data/raw/imports/2026-09-11/states/delhi.csv ; data/raw/imports/2026-09-11/states/goa.csv ; data/raw/imports/2026-09-11/states/gujarat.csv ; data/raw/imports/2026-09-11/states/haryana.csv ; data/raw/imports/2026-09-11/states/himachal_pradesh.csv ; data/raw/imports/2026-09-11/states/islands.csv ; data/raw/imports/2026-09-11/states/jammu_kashmir.csv ; data/raw/imports/2026-09-11/states/jharkhand.csv ; data/raw/imports/2026-09-11/states/karnataka.csv ; data/raw/imports/2026-09-11/states/kerala.csv ; data/raw/imports/2026-09-11/states/madhya_pradesh.csv ; data/raw/imports/2026-09-11/states/maharashtra.csv ; data/raw/imports/2026-09-11/states/manipur.csv ; data/raw/imports/2026-09-11/states/meghalaya.csv ; data/raw/imports/2026-09-11/states/mizoram.csv ; data/raw/imports/2026-09-11/states/nagaland.csv ; data/raw/imports/2026-09-11/states/orissa.csv ; data/raw/imports/2026-09-11/states/punjab.csv ; data/raw/imports/2026-09-11/states/rajasthan.csv ; data/raw/imports/2026-09-11/states/sikkim.csv ; data/raw/imports/2026-09-11/states/tamil_nadu.csv ; data/raw/imports/2026-09-11/states/telangana.csv ; data/raw/imports/2026-09-11/states/tripura.csv ; data/raw/imports/2026-09-11/states/union_terr.csv ; data/raw/imports/2026-09-11/states/uttar_pradesh.csv ; data/raw/imports/2026-09-11/states/uttarakhand.csv ; data/raw/imports/2026-09-11/states/west_bengal.csv ; research/discovery/states-folder-audit.json ; research/discovery/states-folder-audit.ipynb ; research/discovery/evidence/foundation-20260912/imd-110-year-rainfall.pdf ; research/discovery/evidence/foundation-20260912/rainfall-download.json ; research/discovery/evidence/foundation-20260912/ahmedabad-reconciliation.json ; data/processed/districts/district-v1-c8b978172b77182e/build-manifest.json ; data/processed/districts/district-v1-c8b978172b77182e/audit.json
S28,Indian Astronomical Ephemeris 2026 (supplied PDF),data_product,astronomical_reference,optional,sample_inspected,deferred,local_file_available,reference,Astronomical reference with selected Indian city tables; Ahmedabad not directly in inspected sunrise table,2026 edition; some calendar material extends into 2027,Sunrise/sunset/twilight and astronomical tables; time standards vary by section,Keep as optional daylight-method reference; extract only relevant sections with page and time-standard citations.,"481 pages; UT, TT, IST and local mean time must not be conflated. ; Inspected sunrise table lists Kolkata, Varanasi, Chennai, Delhi and Mumbai. ; Provides no weather forecast, rainfall observation or flood warning.",,,https://packolkata.imd.gov.in/indian-astronomical-ephemeris.php,https://packolkata.imd.gov.in/indian-astronomical-ephemeris.php,Redistribution and product integration terms not established; no licence inferred from public availability.,2026-09-11,not_validated,proposed; no production source selected,pending,,data/raw/imports/2026-09-11/IAE 2026.pdf
S29,ECMWF open forecast subset,catalogue_lead,nwp,later,catalogue_or_page_inspected,sample_missing,catalogue_or_unselected,forecast,Global; exact model/grid/member selection pending,Forecast runs; subset and retention need product selection,"GRIB2 fields, ensemble members where offered",Select an exact open product and small forecast run subset.,Open subset does not establish access to every ECMWF product. ; Catalogue lead only; no data payload or production integration validated.,Q12 ; Q18,,https://www.ecmwf.int/en/forecasts/datasets/open-data,https://www.ecmwf.int/en/forecasts/datasets/open-data,Redistribution and product integration terms not established; no licence inferred from public availability.,2026-09-11,not_validated,proposed; no production source selected,pending,,research/discovery/broad-spectrum-analysis.md
S30,MOSDAC satellite catalogue and download service,catalogue_lead,satellite,later,catalogue_or_page_inspected,sample_missing,catalogue_or_unselected,remote_sensing,"Product, satellite, footprint and processing level not selected",Acquisition time and product latency not sampled,Product-specific radiances/retrievals or imagery,Choose one weather question and exact satellite product; inspect metadata and download requirements.,Catalogue search and account-based downloads have different access requirements. ; Catalogue lead only; no data payload or production integration validated.,Q19,,https://mosdac.gov.in/downloadapi-manual,https://mosdac.gov.in/downloadapi-manual,Redistribution and product integration terms not established; no licence inferred from public availability.,2026-09-11,not_validated,proposed; no production source selected,pending,,research/discovery/broad-spectrum-analysis.md
S31,NASA GPM IMERG precipitation products,catalogue_lead,satellite_precipitation,later,catalogue_or_page_inspected,sample_missing,catalogue_or_unselected,remote_sensing,Gridded satellite precipitation; selected version/grid pending,Early/Late/Final are distinct latency and revision products,Precipitation and quality fields; product-specific units,"Select version and run class, obtain a small sample, and validate interval and quality semantics.",Satellite precipitation is not a local rain gauge or flood-impact prediction. ; Catalogue lead only; no data payload or production integration validated.,Q11 ; Q19 ; Q20,,https://gpm.nasa.gov/data/imerg,https://gpm.nasa.gov/data/imerg,Redistribution and product integration terms not established; no licence inferred from public availability.,2026-09-11,not_validated,proposed; no production source selected,pending,,research/discovery/broad-spectrum-analysis.md
S32,CWC flood forecasting portal — exact feed pending,catalogue_lead,hydrology,later,catalogue_or_page_inspected,sample_missing,catalogue_or_unselected,hydrology,Station/basin; Ahmedabad-relevant stations not established,Gauge/forecast issue and validity not sampled,Water level/discharge/thresholds as available; no schema inspected,Identify relevant Sabarmati basin stations and a permitted machine-readable product.,Portal discovery does not demonstrate a reusable API or local inundation model. ; Catalogue lead only; no data payload or production integration validated.,Q20,,https://ffs.india-water.gov.in/,https://ffs.india-water.gov.in/,Redistribution and product integration terms not established; no licence inferred from public availability.,2026-09-11,not_validated,proposed; no production source selected,pending,,research/discovery/broad-spectrum-analysis.md
S33,INCOIS marine services — exact product pending,catalogue_lead,marine,later,catalogue_or_page_inspected,sample_missing,catalogue_or_unselected,marine,Sea/port/offshore location; separate coastal demonstration required,Product-specific forecast/warning validity not sampled,"Waves, swell, currents or official marine warning, product selection pending","Choose one coastal location and exact service, then inspect its permitted feed and units.",Ahmedabad district is not a valid marine sample; service catalogue alone is insufficient. ; Catalogue lead only; no data payload or production integration validated.,Q03 ; Q18,,https://incois.gov.in/,https://incois.gov.in/,Redistribution and product integration terms not established; no licence inferred from public availability.,2026-09-11,not_validated,proposed; no production source selected,pending,,research/discovery/broad-spectrum-analysis.md
S34,ICAR-CRIDA district crop contingency plans,catalogue_lead,guidance_catalog,later,catalogue_or_page_inspected,sample_missing,catalogue_or_unselected,advisory,District plan coverage and Ahmedabad edition pending,"Edition-based planning guidance, not a live weather advisory",Crop/activity/contingency guidance with conditions,"Locate the applicable district plan, edition and crop context; cite original conditions.",Static contingency plans cannot be presented as newly issued operational advice. ; Catalogue lead only; no data payload or production integration validated.,Q04 ; Q05,,https://www.icar-crida.res.in/Crop_Contingency_Plan.html,https://www.icar-crida.res.in/Crop_Contingency_Plan.html,Redistribution and product integration terms not established; no licence inferred from public availability.,2026-09-11,not_validated,proposed; no production source selected,pending,,research/discovery/broad-spectrum-analysis.md
S35,Local Government Directory catalogue,catalogue_lead,mapping,first,catalogue_or_page_inspected,sample_missing,catalogue_or_unselected,geography,Official administrative codes/hierarchy; exact export not sampled,Version/date and boundary changes must be preserved,District/village identifiers and names; geometry not established,Obtain a dated code/hierarchy export and link it explicitly to a separately validated boundary dataset.,Administrative codes do not supply boundary polygons or guarantee cross-provider ID compatibility. ; Catalogue lead only; no data payload or production integration validated.,Q03 ; Q08 ; Q15,,https://data.gov.in/catalog/local-government-directory-lgd,https://data.gov.in/catalog/local-government-directory-lgd,Redistribution and product integration terms not established; no licence inferred from public availability.,2026-09-11,not_validated,proposed; no production source selected,pending,,research/discovery/broad-spectrum-analysis.md
S36,Open-Meteo single forecast runs,catalogue_lead,forecast_archive,later,catalogue_or_page_inspected,sample_missing,catalogue_or_unselected,forecast,Model/grid selection pending,Run-specific horizons; archive and access coverage not sampled,Pre-event predictions indexed by run and lead time,Test permitted run retrieval and metadata; retain forecasts issued before the target event.,A stitched historical forecast series cannot substitute blindly for individual forecast runs. ; Catalogue lead only; no data payload or production integration validated.,Q06 ; Q07 ; Q12,,https://open-meteo.com/en/docs/single-runs-api,https://open-meteo.com/en/docs/single-runs-api,Redistribution and product integration terms not established; no licence inferred from public availability.,2026-09-11,not_validated,proposed; no production source selected,pending,,research/discovery/broad-spectrum-analysis.md
S37,Open-Meteo GloFAS river discharge delivery,data_product,hydrology,later,sample_inspected,sample_ready_for_processing,public_sample_obtained,hydrology,River grid/river-network mapping; local suitability untested,Seven daily values sampled; arbitrary request support bounded to 30 days.,"Daily modeled river discharge, m³/s; UTC date.",Check river-cell selection and compare an appropriate sample with observed gauge evidence.,"River discharge is not street-level flooding, reservoir operations or household exposure.",Q20,,https://flood-api.open-meteo.com/v1/flood,https://open-meteo.com/en/docs/flood-api,"Hosted free tier for non-commercial prototyping, subject to limits; data attribution required; review product-specific upstream and commercial terms",2026-09-12,not_validated,proposed; no production source selected,pending,,research/discovery/broad-spectrum-analysis.md ; data/processed/foundation/20260911T194849Z/river-ahmedabad.json ; data/runtime/blobs/f5717ccf09e64ce6d841b6e8017411c233947bc1e37c2fed529690299e352b54.bin
S38,BHASHINI speech and translation service catalogue,enabling_service,language_service,later,catalogue_or_page_inspected,sample_missing,catalogue_or_unselected,language_resource,Gujarati/Hindi/English and local names require chosen models and evaluation,Model/version and access terms not sampled,"Speech recognition, translation and speech synthesis capabilities",Establish free access for specific models and create local place-name/weather-term test cases.,"This is an enabling service, not meteorological evidence; current access and quality are unverified. ; Catalogue lead only; no data payload or production integration validated.",Q14 ; Q15,,https://dibd-bhashini.gitbook.io/bhashini-apis/available-models-for-usage,https://dibd-bhashini.gitbook.io/bhashini-apis/available-models-for-usage,Redistribution and product integration terms not established; no licence inferred from public availability.,2026-09-11,not_validated,proposed; no production source selected,pending,,research/discovery/broad-spectrum-analysis.md
S39,IMD AWS/ARG station data,data_product,observation,next,access_blocked,sample_missing,authentication_required_in_test,observation,Gujarat state filter 9 documented; station coverage not obtained,"Product issue/validity, cadence and archive coverage require a representative payload.",Automatic-station weather fields; units and reporting intervals still require verification,Resolve authorised access; inspect Gujarat stations and rainfall field availability.,Do not infer a complete Ahmedabad sensor network from a state filter. ; API documentation sample does not establish a daily rainfall archive.,Q01 ; Q11 ; Q12,,https://api.imd.gov.in/api/v1/aws_data?sid=9,https://api.imd.gov.in/public/api_reference.html,"Access, supported integration and redistribution terms unresolved.",2026-09-12,not_validated,proposed; no production source selected,pending,,research/discovery/evidence/recheck-20260911T185811Z/imd-reference.response ; research/discovery/evidence/recheck-20260911T185811Z/manifest.json ; research/discovery/evidence/recheck-20260911T185811Z/imd-aws.response
S40,IMD AWS/ARG station mapping,data_product,mapping,next,catalogue_or_page_inspected,sample_missing,catalogue_or_unselected,geography,Station identifiers and locations; actual metadata not sampled,"Product issue/validity, cadence and archive coverage require a representative payload.",Mapping schema not inspected,Obtain station metadata and map source IDs without equating them to village/district IDs.,No mapping payload obtained; pair with S39.,Q01 ; Q15,,https://api.imd.gov.in/api/v1/aws_data_mapping,https://api.imd.gov.in/public/api_reference.html,"Access, supported integration and redistribution terms unresolved.",2026-09-12,not_validated,proposed; no production source selected,pending,,research/discovery/evidence/recheck-20260911T185811Z/imd-reference.response ; research/discovery/evidence/recheck-20260911T185811Z/manifest.json
S41,IMD district rainfall monitoring,data_product,rainfall_observation,next,access_blocked,sample_missing,authentication_required_in_test,climate_aggregate,District aggregation; ID and boundary version unresolved,"Product issue/validity, cadence and archive coverage require a representative payload.","Daily/weekly/monthly/cumulative actual, normal and departure fields documented","Inspect interval definitions, normal reference period and district identity after access.",Daily/weekly/monthly/cumulative fields overlap and must not be added together. ; No archive coverage established.,Q10 ; Q11 ; Q13,,https://api.imd.gov.in/api/v1/districtrainfall,https://api.imd.gov.in/public/api_reference.html,"Access, supported integration and redistribution terms unresolved.",2026-09-12,not_validated,proposed; no production source selected,pending,,research/discovery/evidence/recheck-20260911T185811Z/imd-reference.response ; research/discovery/evidence/recheck-20260911T185811Z/manifest.json ; research/discovery/evidence/recheck-20260911T185811Z/imd-district-rainfall.response
S42,IMD basin quantitative precipitation forecast,data_product,hydrology_forecast,next,access_blocked,sample_missing,authentication_required_in_test,forecast,Basin/sub-basin; Ahmedabad relevance not mapped,"Product issue/validity, cadence and archive coverage require a representative payload.",Day-labelled basin precipitation fields and average areal precipitation,"Confirm units, intervals and basin geometry; distinguish rainfall input from hydrological prediction.",Rainfall forecast alone does not establish river level or inundation.,Q18 ; Q20,,https://api.imd.gov.in/api/v1/basinqpf,https://api.imd.gov.in/public/api_reference.html,"Access, supported integration and redistribution terms unresolved.",2026-09-12,not_validated,proposed; no production source selected,pending,,research/discovery/evidence/recheck-20260911T185811Z/imd-reference.response ; research/discovery/evidence/recheck-20260911T185811Z/manifest.json ; research/discovery/evidence/recheck-20260911T185811Z/imd-qpf.response
S43,IMD cyclone observed and forecast track,data_product,cyclone_forecast,next,access_blocked,sample_missing,authentication_required_in_test,forecast,Cyclone positions and track; coastal applicability not sampled,"Product issue/validity, cadence and archive coverage require a representative payload.","Observed versus forecast positions, storm identity, issue/valid time and wind fields",Resolve authorised access and inspect a named-storm snapshot with track revisions.,"Documentation example is historical, not evidence of an active cyclone.",Q03 ; Q07 ; Q18,,https://api.imd.gov.in/api/v1/cyclone_track,https://api.imd.gov.in/public/api_reference.html,"Access, supported integration and redistribution terms unresolved.",2026-09-12,not_validated,proposed; no production source selected,pending,,research/discovery/evidence/recheck-20260911T185811Z/imd-reference.response ; research/discovery/evidence/recheck-20260911T185811Z/manifest.json ; research/discovery/evidence/recheck-20260911T185811Z/imd-cyclone-track.response
S44,IMD cyclone wind warning polygons,data_product,cyclone_warning,next,catalogue_or_page_inspected,sample_missing,catalogue_or_unselected,warning,"Wind-threshold polygons, not district boundaries","Product issue/validity, cadence and archive coverage require a representative payload.","Polygon groups by wind threshold, units and validity requiring verification","Inspect storm/time identity and geometry, retaining threshold namespaces.",Cannot infer household damage or a fixed impact probability.,Q03 ; Q08,,https://api.imd.gov.in/api/v1/cyclone_wind,https://api.imd.gov.in/public/api_reference.html,"Access, supported integration and redistribution terms unresolved.",2026-09-12,not_validated,proposed; no production source selected,pending,,research/discovery/evidence/recheck-20260911T185811Z/imd-reference.response ; research/discovery/evidence/recheck-20260911T185811Z/manifest.json
S45,IMD cyclone cone of uncertainty,data_product,cyclone_forecast,next,catalogue_or_page_inspected,sample_missing,catalogue_or_unselected,forecast,Cyclone uncertainty geometry; meaning and valid horizon need documentation,"Product issue/validity, cadence and archive coverage require a representative payload.",Cone geometry with product metadata,Confirm cone definition and validity before explaining it.,A cone must not be interpreted as the full area of hazardous weather.,Q03 ; Q08 ; Q18,,https://api.imd.gov.in/api/v1/cyclone_cou,https://api.imd.gov.in/public/api_reference.html,"Access, supported integration and redistribution terms unresolved.",2026-09-12,not_validated,proposed; no production source selected,pending,,research/discovery/evidence/recheck-20260911T185811Z/imd-reference.response ; research/discovery/evidence/recheck-20260911T185811Z/manifest.json
S46,IMD radar image product — index lead,catalogue_lead,radar,later,catalogue_or_page_inspected,sample_missing,catalogue_or_unselected,remote_sensing,Radar station coverage and exact imagery/numeric product unresolved,"Product issue/validity, cadence and archive coverage require a representative payload.",Image listed in API index; no usable route/schema in inspected body,"Find a supported exact radar product with timestamp, coverage and projection.",An index label or radar image is not proof of accessible calibrated radar volumes.,Q19,,,https://api.imd.gov.in/public/api_reference.html,"Access, supported integration and redistribution terms unresolved.",2026-09-12,not_validated,proposed; no production source selected,pending,,research/discovery/evidence/recheck-20260911T185811Z/imd-reference.response ; research/discovery/evidence/recheck-20260911T185811Z/manifest.json
S47,IMD lightning data — index lead,catalogue_lead,lightning,later,catalogue_or_page_inspected,sample_missing,catalogue_or_unselected,remote_sensing,Detection/forecast product and geographic coverage unselected,"Product issue/validity, cadence and archive coverage require a representative payload.",Lightning listed in API index; no tested route/schema,"Identify whether the product is detection or forecast and inspect event time, coverage and access.",Nowcast lightning wording does not establish access to strike-level observations.,Q03 ; Q19,,,https://api.imd.gov.in/public/api_reference.html,"Access, supported integration and redistribution terms unresolved.",2026-09-12,not_validated,proposed; no production source selected,pending,,research/discovery/evidence/recheck-20260911T185811Z/imd-reference.response ; research/discovery/evidence/recheck-20260911T185811Z/manifest.json
S48,IMD product-specific codes and definitions,reference,reference,first,sample_inspected,sample_ready_for_processing,public_sample_obtained,reference,"Definitions are scoped to an IMD product, not global weather conventions",Definition page retrieved in September 2026; version history not established.,District warning and nowcast colour codes; rainfall categories and field definitions,Use namespaced code dictionaries; confirm applicability to each payload before decoding.,District-warning colour numbering differs from nowcast numbering. ; Code documentation alone does not resolve lifecycle or geographic applicability.,Q03 ; Q09 ; Q14 ; Q17,,https://api.imd.gov.in/public/api_reference.html,https://api.imd.gov.in/public/api_reference.html,"Access, supported integration and redistribution terms unresolved.",2026-09-12,not_validated,proposed; no production source selected,pending,,research/discovery/evidence/recheck-20260911T185811Z/imd-reference.response ; research/discovery/evidence/recheck-20260911T185811Z/manifest.json ; data/reference/imd-code-namespaces.json
S49,User-provided field and activity context,capability_gap,context_gap,first,lead,source_missing,source_unselected,user_context,User-selected field/location; no actual user records collected,"Product issue/validity, cadence and archive coverage require a representative payload.","Crop, stage or sowing date, intended activity/time; soil/irrigation context if advice requires it",Define optional and required inputs per advisory question; ask only for missing decision-relevant context.,A weather API cannot supply an individual farmer’s actual field conditions. ; Context requirements depend on the specific guidance method.,Q04 ; Q05 ; Q06,,,,No external dataset acquired; establish data collection/usage requirements during implementation.,2026-09-12,not_validated,proposed; no production source selected,pending,,
S50,"Terrain, drainage, exposure and vulnerability inputs",capability_gap,impact_gap,later,lead,source_missing,source_unselected,impact_context,Exact basin/urban area and spatial resolution unselected,"Product issue/validity, cadence and archive coverage require a representative payload.","Terrain, drainage, assets/population and vulnerability as required by a chosen impact method",Select an impact question and method before choosing datasets; preserve a warning-only initial scope.,"These inputs are needed for validated local flood-impact claims, not simply relaying an official warning. ; No impact model or input dataset validated.",Q20,,,,No external dataset acquired; establish data collection/usage requirements during implementation.,2026-09-12,not_validated,proposed; no production source selected,pending,,
S51,Gujarati/Hindi language and voice evaluation set,capability_gap,evaluation_gap,first,lead,source_missing,source_unselected,language_resource,Indian language terms and ambiguous local place names,"Product issue/validity, cadence and archive coverage require a representative payload.","Representative utterances, expected intents/place/time, warning terminology and negation cases",Create labelled test cases and explicitly record synthetic versus human-reviewed examples.,Speech-service access does not prove reliable interpretation. ; No beneficiary recordings or expert language validation collected.,Q14 ; Q15,,,,No external dataset acquired; establish data collection/usage requirements during implementation.,2026-09-12,not_validated,proposed; no production source selected,pending,,
S52,IMD port warning,data_product,marine_warning,later,catalogue_or_page_inspected,sample_missing,catalogue_or_unselected,warning,Port/sea/coastal area; choose a coastal sample distinct from Ahmedabad,"Product issue/validity, cadence and archive coverage require a representative payload.",Marine warning/bulletin text with issue and validity metadata,"Inspect a permitted exact product sample, its area identifiers and validity.",Documented route only; no access or weather payload tested in this pass.,Q03 ; Q08 ; Q14,,https://api.imd.gov.in/api/v1/portwarning,https://api.imd.gov.in/public/api_reference.html,"Access, supported integration and redistribution terms unresolved.",2026-09-12,not_validated,proposed; no production source selected,pending,,research/discovery/evidence/recheck-20260911T185811Z/imd-reference.response ; research/discovery/evidence/recheck-20260911T185811Z/manifest.json
S53,IMD sea-area bulletin,data_product,marine_warning,later,catalogue_or_page_inspected,sample_missing,catalogue_or_unselected,warning,Port/sea/coastal area; choose a coastal sample distinct from Ahmedabad,"Product issue/validity, cadence and archive coverage require a representative payload.",Marine warning/bulletin text with issue and validity metadata,"Inspect a permitted exact product sample, its area identifiers and validity.",Documented route only; no access or weather payload tested in this pass.,Q03 ; Q08 ; Q14,,https://api.imd.gov.in/api/v1/seabulletin,https://api.imd.gov.in/public/api_reference.html,"Access, supported integration and redistribution terms unresolved.",2026-09-12,not_validated,proposed; no production source selected,pending,,research/discovery/evidence/recheck-20260911T185811Z/imd-reference.response ; research/discovery/evidence/recheck-20260911T185811Z/manifest.json
S54,IMD coastal bulletin,data_product,marine_warning,later,catalogue_or_page_inspected,sample_missing,catalogue_or_unselected,warning,Port/sea/coastal area; choose a coastal sample distinct from Ahmedabad,"Product issue/validity, cadence and archive coverage require a representative payload.",Marine warning/bulletin text with issue and validity metadata,"Inspect a permitted exact product sample, its area identifiers and validity.",Documented route only; no access or weather payload tested in this pass.,Q03 ; Q08 ; Q14,,https://api.imd.gov.in/api/v1/coastalbulletin,https://api.imd.gov.in/public/api_reference.html,"Access, supported integration and redistribution terms unresolved.",2026-09-12,not_validated,proposed; no production source selected,pending,,research/discovery/evidence/recheck-20260911T185811Z/imd-reference.response ; research/discovery/evidence/recheck-20260911T185811Z/manifest.json
S55,IMD fishermen warning — index lead,catalogue_lead,marine_warning,later,catalogue_or_page_inspected,sample_missing,catalogue_or_unselected,warning,Marine region; exact product and distribution unresolved,"Product issue/validity, cadence and archive coverage require a representative payload.",Fishermen warning listed in index; exact callable route not established,Locate a current official bulletin/feed and inspect the relevant coastal region.,Catalogue listing is not a working API.,Q03 ; Q14,,,https://api.imd.gov.in/public/api_reference.html,"Access, supported integration and redistribution terms unresolved.",2026-09-12,not_validated,proposed; no production source selected,pending,,research/discovery/evidence/recheck-20260911T185811Z/imd-reference.response ; research/discovery/evidence/recheck-20260911T185811Z/manifest.json
S56,Open-Meteo marine wave delivery,data_product,marine_forecast,first,sample_inspected,sample_ready_for_processing,public_sample_obtained,marine_forecast,Three sea-grid points; wider geographic capability not exhaustively validated.,Current-page/forecast sample at recorded fetch timestamp; runtime freshness and PDF validity are distinct.,"Wave height m, direction degrees, period seconds; hourly UTC.",Use the implemented adapter; resolve the documented operational gates before decision support.,Reference/information prototype; not operational clearance or independently validated warning dissemination.,Q16 ; Q22,,https://marine-api.open-meteo.com/v1/marine,https://open-meteo.com/en/docs/marine-weather-api,"Hosted free tier for non-commercial prototyping, subject to limits; data attribution required; review product-specific upstream and commercial terms",2026-09-12,not_validated,selected for local prototype under user-authorized nationwide scope,pending,,data/processed/foundation/20260911T194849Z/marine-arabian-sea.json ; data/runtime/blobs/c64730c7d57fa8b38c0d7e3ad9692e9a401b8796b6ef023ef5d44631ed5dedd4.bin ; data/processed/foundation/20260911T194849Z/marine-andaman-sea.json ; data/runtime/blobs/832ccd12a570620af9d484c8ffa9195d00b40d9d3607afa286691bda05d8f009.bin ; data/processed/foundation/20260911T194849Z/marine-bay-of-bengal.json ; data/runtime/blobs/d9f3283166c64ae156f315c0bef744822327191c15afbbf654f3722e2d7008c4.bin
S57,IMD district farmer bulletin delivery (English and local language),data_product,advisory_document,first,sample_inspected,sample_ready_for_processing,public_sample_obtained,advisory_document,"36 source-listed regions, 698 district entries; four document samples.",Current-page/forecast sample at recorded fetch timestamp; runtime freshness and PDF validity are distinct.,Publisher selector IDs and PDF pages; meteorological/crop text retained.,Use the implemented adapter; resolve the documented operational gates before decision support.,Reference/information prototype; not operational clearance or independently validated warning dissemination.,Q04 ; Q06 ; Q14,,https://mausam.imd.gov.in/responsive/agromet_adv_ser_district_current_en.php,https://mausam.imd.gov.in/responsive/agromet_adv_ser_district_current_lo.php,Official public delivery; automated use and redistribution rights require product-specific review. No unrestricted licence inferred.,2026-09-12,not_validated,selected for local prototype under user-authorized nationwide scope,pending,,data/processed/foundation/20260911T194849Z/advisory-ahmedabad.json ; data/runtime/blobs/653f005c5eb6069e2d4b21afb2700b993f7d1d0699781876d698ef553811cd90.bin ; data/runtime/blobs/f2c3924fa398b55ac80313583b682e5680868313b7ac425e87a66a5627da13b3.bin ; data/processed/foundation/20260911T194849Z/advisory-kamrup.json ; data/runtime/blobs/f5e9fbe91b5fe14b3b9a3290517696b279cf93b327c4067b9c7ee0225df71e07.bin ; data/runtime/blobs/b3c30de0f6c92294e140f478a748eef7c39cccb24b821fe6b17090743797a72f.bin ; data/processed/foundation/20260911T194849Z/advisory-directory.json ; data/runtime/blobs/1f9de548ac30e07ea7154282bb29c9599b6a2827ea884c24992cf6301e57f74a.bin ; data/runtime/blobs/03a2ef4a1a6b8f84c76cc8ae30d792d30c250ae40055ae16648e47bf48e47aa8.bin ; data/runtime/blobs/4a8331f4ea823a381a6579f029661fb2f964ad930b0833d0bab14abaafc72af6.bin ; data/runtime/blobs/86b914598b7e299e97fd92dc20636e3c0a4b7a74b076a78a0bebe722c977a48a.bin ; data/runtime/blobs/8e0c32c7e73799686f1886feb6dfc4105e45a56963e9dc51f57464347ed45570.bin ; data/runtime/blobs/c39751ef59094e7877c15e0d3670b5316a6ff346a3e5eb3de305f54d67f7fa85.bin ; data/runtime/blobs/08723e094183b2661336d343d9bc3d0433b9b2247b763f1477dc7c339ae8d771.bin ; data/runtime/blobs/e9c546456ad59688ec411b2cb047fba419b1d9d40a23bbe801ff368d01d4aa46.bin ; data/runtime/blobs/ea7f8f554c9a9c03cb2f4b89281049266262112eec16263f15ef19eeaa02648e.bin ; data/runtime/blobs/b7cdfc0ad78948d837bb9fdd5a36353f3222a553011f1c8caf8b79f16c82bdc6.bin ; data/runtime/blobs/1c37a1f0d2f0daa204307ccb2140dd28d732a58e4f4e3245d8ff163c33dab26e.bin ; data/runtime/blobs/40f22e74f947c532eac467a0bf76d0712cf843ef08d49cdd82c6570581170ff2.bin ; data/runtime/blobs/4d94c3c8ee6a75d5b55884a8308ea8f8b90cbda6ba639b6d82df0c4307828855.bin ; data/runtime/blobs/881867d07db24eb59e7bcc98e0748e7096b105238deb4f34b03ee299d9193099.bin ; data/runtime/blobs/98913037032a78293029114ff2a1a7d4ddbca2b84b126c780923674611677429.bin ; data/runtime/blobs/56aa6e1e875f5e2d2268972507de2b782b824c1a86946af1ae4c62aa9d9714a3.bin ; data/runtime/blobs/e73a048050602bfd05fade1bcd7e013f8c10c5281a71bdedf55436b15e9ce3a5.bin ; data/runtime/blobs/8778052f32989753f7990e7fd08350b403ebbc81a8116f4d0747043ac254e7ed.bin ; data/runtime/blobs/60452323ecf86a4d5948bfb96fcec34e785e611da1ae2aa8695e8ef2f7780107.bin ; data/runtime/blobs/586ca0bb81502c929c1e3d0d2b32f16c4d7b882b86f99693ff83970d53f22b4c.bin ; data/runtime/blobs/5d46eb24caf9e231a943310814b321007b2b26cedb29fc88062d2d3381036781.bin ; data/runtime/blobs/33ed7048f39eb081dfe9b65d39bcbb7fa8a62c5415d11c5e1d44c9a2f5bc2135.bin ; data/runtime/blobs/f262d4dde93f23b406912747a0af630dc491b3d3b4937a01aaf5e65170b8eea7.bin ; data/runtime/blobs/23a35e008076236a93ec62b95647be21ecd8d07623a20d773aa97fbe7bc694d8.bin ; data/runtime/blobs/9499bcd6c1a0d4b2d55d7d9c7bbee5d71244e674aafcfbacb62b3e7a8c29bf5d.bin ; data/runtime/blobs/25133c0bfd098857ef1505acf2eae9eb6759934b1fe637ab8a6b100ae660aedf.bin ; data/runtime/blobs/8ed6d568fe51d1d25bce026fbb8bbb934006db89b2a0ec4b8f083b8c249b47e5.bin ; data/runtime/blobs/20a8d83c13587875b1a3377cf2fbf148187b13f116b1f25fc5060c33b391de52.bin ; data/runtime/blobs/c2dc438d95e870bc466731104d0fa71889bb1723a2471d0a66ad4d2121a226ff.bin ; data/runtime/blobs/6ecf3ec63903834eca990a3ba345ba206a1858cab1b4f70f2b9042bbd83a8f8c.bin ; data/runtime/blobs/c822401b77da2b9896a5027b0e4a20b88dc04953587deef150aea9e066a3cf11.bin ; data/runtime/blobs/138d5e2aac6049bd1843e7d58b160e8793f2638e2a9e6b4e45e871ebb76da2b8.bin ; data/runtime/blobs/4731d0c2311768cdf3a2bf71cb37a299cad55665b2cb7db34b5c5be21c8f4fb1.bin ; data/runtime/blobs/d9e6cc9e4c8344c21ed8321a43919e487624b80fcf9e42da1cc357289fb6b020.bin ; data/runtime/blobs/bd21a43acde8ab270139dbda229debcdb3903a816d6d17d298cd693bbd65cf0f.bin ; data/runtime/blobs/c9b510f7d5c91a2f19f1329719c4f2b9576d6f61c02f992a38e1c0b9503fc4a1.bin ; data/runtime/blobs/0789f600dc4f172d4ed0b83acd06275492ca92ea4b096d2facb9646341ebdbec.bin ; data/processed/foundation/20260911T194849Z/advisory-ahmedabad-gujarati.json ; data/runtime/blobs/34ce38e2c5d7c4daf0ebc595274a1f2398de2f477386c755c0cad6463956eaea.bin ; data/runtime/blobs/658e09d09f652ee7723739386ae7e0c611babc7e30fd30ca187632a4a6cd923d.bin ; data/processed/foundation/20260911T194849Z/advisory-coimbatore.json ; data/runtime/blobs/99b77dc84e6bec60bfe3a5cd64b0d8247761b43abed6af3a63b056b0edfe7b9f.bin ; data/runtime/blobs/3d004ae0499c6c6bce001b931e726e451df0155c923a83aab848f9a3b526e997.bin
S58,RSMC official sea-area bulletin delivery,data_product,marine_bulletin,first,sample_inspected,sample_ready_for_processing,public_sample_obtained,marine_bulletin,Two current-page listed sea-area PDFs sampled.,Current-page/forecast sample at recorded fetch timestamp; runtime freshness and PDF validity are distinct.,"Original PDF pages; wind knots, visibility, sea condition and validity as publisher text.",Use the implemented adapter; resolve the documented operational gates before decision support.,Reference/information prototype; not operational clearance or independently validated warning dissemination.,Q16 ; Q22,,https://rsmcnewdelhi.imd.gov.in/sea-area-bulletin.php,https://rsmcnewdelhi.imd.gov.in/sea-area-bulletin.php,Official public delivery; automated use and redistribution rights require product-specific review. No unrestricted licence inferred.,2026-09-12,not_validated,selected for local prototype under user-authorized nationwide scope,pending,,data/processed/foundation/20260911T194849Z/marine-bulletin-sea-0.json ; data/runtime/blobs/2112af9f4b548e80fad2851f2ae5363a097aa82e0749d5a029204ccb08247a49.bin ; data/runtime/blobs/da7a8c3bfe5e281e2b1aed06d74b5ccc44238a2663ede8faf1ba6a02a129a7ec.bin ; data/processed/foundation/20260911T194849Z/marine-bulletin-sea-1.json ; data/runtime/blobs/f9761b0f1d633a55f22d010c1feb7ced67f30b7b47a18951e665d76f75019cd3.bin ; data/processed/foundation/20260911T194849Z/marine-catalog-sea.json
S59,RSMC official coastal bulletin delivery,data_product,marine_bulletin,first,sample_inspected,sample_ready_for_processing,public_sample_obtained,marine_bulletin,15 current-page listed PDFs; Gujarat bulletin sampled.,Current-page/forecast sample at recorded fetch timestamp; runtime freshness and PDF validity are distinct.,"Original PDF pages; regional wind, weather, port signals and validity as publisher text.",Use the implemented adapter; resolve the documented operational gates before decision support.,Reference/information prototype; not operational clearance or independently validated warning dissemination.,Q16 ; Q22,,https://rsmcnewdelhi.imd.gov.in/coastal-weather-bulletin.php,https://rsmcnewdelhi.imd.gov.in/coastal-weather-bulletin.php,Official public delivery; automated use and redistribution rights require product-specific review. No unrestricted licence inferred.,2026-09-12,not_validated,selected for local prototype under user-authorized nationwide scope,pending,,data/processed/foundation/20260911T194849Z/marine-bulletin-coastal-11.json ; data/runtime/blobs/65be240fa76b093ecb8d0757e276dcbe738ef970b036defaf40938287a5842a4.bin ; data/runtime/blobs/f6531b835e142d269dcdfd67117fb68310cf63d2536c039c9a8c54f322c3afd3.bin ; data/processed/foundation/20260911T194849Z/marine-catalog-coastal.json
S60,IMD CityWx responsive portal and station-search/data routes,data_product,city_weather,next,sample_inspected,deferred,mixed_public_station_search_weather_access_blocked,city_observation_forecast_and_station_identity,"City/station portal; Ahmedabad search yielded 11 candidates, with main station ID 42647. Nationwide inventory not obtained.",Checks on 2026-09-11 UTC / 2026-09-12 IST; weather observation and forecast validity not established.,Verified search fields: station_id and station (strings). Weather fields inferred from client code only; units and temporal semantics require payload validation.,Resolve portal integrity and supported weather access; then validate station identity and observation/forecast contracts. Station-search sample may be reviewed as identity evidence only.,Only station-search JSON obtained: 11 Ahmedabad-related candidates; no weather payload obtained. ; Weather features are visible in application code but current station-level completeness and correctness are unverified. ; Returned HTML contains unrelated code attempting recurring external window openings on Android; cause and wider scope are unknown. Remote JavaScript was not executed. ; City/station IDs and search labels are not district or LGD identifiers.,Q01 ; Q02 ; Q03,,https://city.imd.gov.in/citywx/responsive/,,Automated integration and redistribution terms unresolved; HTTP 200 on station search does not establish permission or a supported API.,2026-09-12,not_validated,included in registry at user request; candidate on hold for operational integration,registry inclusion authorized by user on 2026-09-12; operational suitability not approved,,research/discovery/evidence/citywx-20260912/access-errors.json ; research/discovery/evidence/citywx-20260912/ahmedabad-city-fetch.json ; research/discovery/evidence/citywx-20260912/ahmedabad-city.response ; research/discovery/evidence/citywx-20260912/app-fetch.json ; research/discovery/evidence/citywx-20260912/app.js ; research/discovery/evidence/citywx-20260912/assessment.json ; research/discovery/evidence/citywx-20260912/index-fetch.json ; research/discovery/evidence/citywx-20260912/index.html ; research/discovery/evidence/citywx-20260912/manifest.json ; research/discovery/evidence/citywx-20260912/search-ahmedabad-fetch.json ; research/discovery/evidence/citywx-20260912/search-ahmedabad.json ; research/discovery/citywx-assessment.md ; research/discovery/citywx-assessment.ipynb
S61,GeoNames India downloadable gazetteer and local place index,data_product,mapping,first,sample_inspected,processed_snapshot,public_sample_obtained,geography,"549021 indexed source settlement records across the India extract; shared names, incomplete aliases and unresolved locations remain explicit. Not a count of official villages.",Downloaded 2026-09-12; per-record modification dates retained. No historical boundary validity inferred.,"GeoNames ID, source/alternate names, latitude/longitude WGS84 degrees, source feature/admin labels, modification date",Completed exact/alias index; approximate names require user confirmation; preserve point versus administrative area distinction.,GeoNames IDs and source administrative labels are not official LGD IDs or dated boundary crosswalks. ; Missing settlements/aliases and duplicate names require clarification or explicit pins. ; One point does not establish village-wide or district-wide weather.,Q02 ; Q03 ; Q04 ; Q08 ; Q15 ; Q21 ; Q22,,https://download.geonames.org/export/dump/IN.zip,https://download.geonames.org/export/dump/readme.txt,"GeoNames CC BY 4.0; attribution required. Source provided as-is without assurance of accuracy, timeliness or completeness. This is a downloaded national extract, not a public geocoding API workload.",2026-09-12,not_validated,local prototype place resolver; no operational mapping approval,pending,,data/raw/geonames/IN-20260912.zip ; data/processed/geography/geonames-india-20260912/manifest.json ; data/processed/geography/geonames-india-20260912/build-manifest.json ; data/processed/geography/geonames-india-20260912/state-aliases.json
